Store,Dept,Current_Stock,Lead_Time,Ordering_Cost,Holding_Cost,Supplier_ID
1,1,302,6,433,11,S002
1,2,635,5,432,5,S001
1,3,470,4,426,11,S002
1,4,306,7,114,15,S001
1,5,271,4,426,13,S003
1,6,900,4,201,16,S005
1,7,220,2,325,7,S005
1,8,814,5,377,8,S001
1,9,321,6,212,8,S005
1,10,666,3,100,17,S001
1,11,414,3,365,23,S001
1,12,530,4,307,14,S004
1,13,658,5,209,9,S004
1,14,287,7,299,11,S004
1,16,572,2,468,20,S002
1,17,299,5,405,5,S004
1,18,863,5,111,16,S001
1,19,330,2,444,6,S003
1,20,861,4,287,11,S004
1,21,508,5,253,15,S004
1,22,969,3,467,17,S003
1,23,543,2,433,6,S001
1,24,691,7,476,11,S002
1,25,613,6,378,19,S004
1,26,585,4,270,15,S003
1,27,391,2,233,6,S001
1,28,476,6,124,11,S005
1,29,360,6,117,8,S002
1,30,659,7,289,15,S003
1,31,513,5,240,6,S003
1,32,221,7,142,20,S003
1,33,452,5,433,11,S004
1,34,947,5,383,17,S005
1,35,760,2,245,9,S002
1,36,674,2,414,21,S001
1,37,258,4,418,16,S001
1,38,710,5,191,23,S005
1,40,881,6,278,11,S003
1,41,675,3,155,10,S003
1,42,899,4,254,12,S003
1,44,982,2,259,17,S003
1,45,389,7,210,9,S003
1,46,886,4,236,6,S005
1,47,762,4,331,13,S004
1,48,766,4,319,15,S002
1,49,443,4,167,10,S003
1,51,704,3,401,11,S004
1,52,330,7,348,11,S001
1,54,684,7,422,23,S005
1,55,846,7,491,10,S004
1,56,220,5,105,15,S003
1,58,366,6,379,15,S003
1,59,473,7,193,11,S003
1,60,587,4,368,6,S004
1,67,800,4,296,23,S003
1,71,515,7,124,8,S004
1,72,213,7,247,10,S003
1,74,441,4,217,21,S001
1,77,976,5,437,9,S001
1,78,545,2,466,11,S002
1,79,764,2,437,13,S003
1,80,539,7,165,5,S003
1,81,291,3,400,5,S004
1,82,566,7,469,23,S004
1,83,654,7,274,10,S003
1,85,627,2,418,22,S002
1,87,708,4,175,14,S003
1,90,975,7,213,15,S004
1,91,234,4,210,5,S003
1,92,405,4,348,5,S004
1,93,280,3,302,17,S003
1,94,761,4,246,9,S005
1,95,587,2,134,24,S004
1,96,201,5,408,5,S002
1,97,589,5,125,24,S005
1,98,765,6,337,7,S003
1,99,305,7,113,22,S004
2,1,971,2,473,13,S005
2,2,676,4,144,18,S002
2,3,902,5,315,21,S004
2,4,601,2,332,18,S005
2,5,929,5,292,8,S005
2,6,755,4,150,9,S005
2,7,361,5,474,21,S001
2,8,401,7,313,6,S003
2,9,469,7,250,9,S004
2,10,470,6,374,8,S004
2,11,655,6,437,8,S004
2,12,661,5,175,10,S005
2,13,926,2,319,24,S003
2,14,451,7,447,17,S002
2,16,901,2,286,9,S004
2,17,495,2,388,11,S003
2,18,924,5,127,24,S003
2,19,919,2,478,5,S001
2,20,948,7,279,18,S004
2,21,537,4,352,8,S005
2,22,252,6,225,21,S003
2,23,991,4,276,18,S003
2,24,416,2,136,20,S002
2,25,963,4,198,18,S001
2,26,387,7,197,20,S003
2,27,579,7,226,24,S003
2,28,692,2,267,12,S005
2,29,240,5,179,7,S005
2,30,356,4,393,23,S002
2,31,214,5,432,5,S002
2,32,264,5,225,6,S002
2,33,720,3,442,19,S005
2,34,543,2,409,14,S005
2,35,328,6,249,22,S001
2,36,847,7,115,18,S004
2,37,671,7,127,21,S004
2,38,262,2,272,17,S001
2,39,338,6,145,5,S004
2,40,698,7,427,9,S005
2,41,792,2,335,17,S004
2,42,591,7,313,18,S005
2,44,874,5,184,7,S001
2,45,618,4,381,19,S002
2,46,488,4,331,23,S001
2,47,578,7,184,21,S004
2,48,972,3,164,7,S005
2,49,689,6,233,20,S004
2,51,430,6,250,18,S004
2,52,240,6,214,16,S002
2,54,227,5,163,16,S004
2,55,334,6,442,15,S002
2,56,400,4,462,21,S005
2,58,979,5,451,12,S005
2,59,232,2,257,21,S002
2,60,247,6,176,24,S001
2,67,702,6,245,15,S005
2,71,606,2,442,6,S001
2,72,773,6,324,14,S005
2,74,927,2,412,14,S005
2,77,298,5,202,15,S003
2,78,883,4,446,10,S004
2,79,925,2,400,8,S004
2,80,746,3,187,16,S001
2,81,938,2,470,15,S004
2,82,812,6,402,17,S001
2,83,661,5,267,9,S005
2,85,842,7,269,10,S003
2,87,968,5,234,5,S003
2,90,204,7,149,10,S005
2,91,417,2,439,22,S002
2,92,702,4,446,13,S002
2,93,966,3,233,19,S004
2,94,597,5,446,12,S001
2,95,994,6,236,23,S003
2,96,592,7,344,20,S004
2,97,406,6,208,10,S005
2,98,214,4,412,10,S003
2,99,753,7,386,7,S001
3,1,660,5,120,14,S001
3,2,890,2,189,5,S002
3,3,774,6,395,18,S004
3,4,942,4,211,8,S005
3,5,440,5,400,16,S003
3,6,763,5,176,10,S001
3,7,295,5,276,15,S003
3,8,933,5,442,16,S005
3,9,684,7,247,14,S003
3,10,606,5,200,22,S004
3,11,430,6,345,11,S002
3,12,948,4,216,11,S003
3,13,854,7,191,15,S002
3,14,370,5,127,8,S005
3,16,740,3,124,24,S002
3,17,235,3,157,5,S003
3,18,724,4,396,17,S003
3,19,359,2,233,22,S001
3,20,898,2,430,13,S003
3,21,442,7,348,13,S002
3,22,285,7,137,13,S001
3,23,995,7,489,14,S003
3,24,777,2,174,6,S003
3,25,881,3,241,10,S005
3,26,756,2,421,19,S001
3,27,773,6,267,7,S005
3,28,845,5,358,15,S005
3,29,995,7,472,10,S005
3,30,227,3,454,7,S004
3,31,819,4,324,15,S005
3,32,755,4,251,19,S002
3,33,539,5,118,17,S003
3,34,997,3,245,24,S004
3,35,530,2,340,14,S005
3,36,839,2,471,10,S003
3,38,705,6,480,19,S001
3,40,547,6,443,22,S001
3,41,672,2,336,22,S003
3,42,430,4,134,11,S002
3,44,389,7,289,19,S003
3,45,424,4,100,22,S003
3,46,584,6,252,22,S004
3,47,576,5,225,24,S001
3,49,482,2,444,13,S001
3,51,832,6,499,6,S005
3,52,827,6,325,12,S003
3,54,944,7,320,24,S003
3,55,458,2,310,6,S002
3,56,558,7,124,15,S001
3,59,909,2,115,11,S002
3,60,655,7,281,10,S004
3,67,610,4,428,14,S005
3,71,848,5,228,9,S002
3,72,517,5,141,15,S001
3,74,876,2,435,5,S004
3,77,424,3,335,6,S003
3,78,433,6,459,5,S004
3,79,883,6,133,23,S002
3,80,863,2,444,6,S001
3,81,573,7,480,24,S002
3,82,871,3,144,8,S003
3,83,807,4,233,16,S003
3,85,671,7,120,24,S001
3,87,432,7,221,22,S005
3,90,891,2,169,5,S004
3,91,312,2,451,5,S004
3,92,696,6,460,18,S003
3,94,641,2,147,8,S002
3,95,763,2,138,9,S002
3,96,467,2,386,15,S005
3,97,709,6,109,17,S002
3,98,585,4,129,20,S004
4,1,586,4,343,17,S002
4,2,312,2,373,6,S005
4,3,812,6,187,20,S004
4,4,824,4,343,10,S002
4,5,280,7,480,18,S004
4,6,898,4,428,5,S003
4,7,312,4,114,21,S003
4,8,201,6,103,15,S003
4,9,841,7,290,23,S002
4,10,419,6,267,7,S005
4,11,765,2,108,15,S004
4,12,935,5,208,9,S001
4,13,424,4,236,21,S003
4,14,584,5,253,11,S003
4,16,602,6,487,14,S001
4,17,837,6,308,15,S001
4,18,329,6,371,7,S002
4,19,252,5,242,24,S004
4,20,883,6,198,14,S003
4,21,929,2,476,14,S005
4,22,871,6,407,18,S002
4,23,909,3,168,16,S002
4,24,615,5,346,19,S005
4,25,446,3,360,14,S005
4,26,638,6,375,14,S005
4,27,402,2,178,23,S001
4,28,383,4,245,5,S003
4,29,322,7,210,14,S001
4,30,600,7,357,6,S003
4,31,966,6,192,21,S001
4,32,493,2,112,11,S004
4,33,479,5,359,11,S003
4,34,809,3,208,24,S002
4,35,397,3,429,13,S003
4,36,710,3,288,6,S003
4,37,951,5,194,18,S003
4,38,343,7,204,21,S004
4,39,808,2,107,5,S001
4,40,400,5,166,13,S002
4,41,323,3,290,24,S001
4,42,386,6,465,23,S001
4,44,525,4,355,8,S005
4,45,663,5,108,12,S004
4,46,548,5,216,17,S005
4,47,970,2,366,8,S004
4,48,859,2,198,13,S001
4,49,963,5,397,13,S001
4,51,602,3,496,22,S004
4,52,545,4,263,16,S001
4,54,710,2,475,14,S001
4,55,346,3,240,15,S002
4,56,347,6,367,11,S005
4,58,910,2,136,13,S005
4,59,688,3,173,10,S005
4,60,839,3,172,23,S003
4,67,750,4,407,20,S002
4,71,537,4,298,19,S005
4,72,840,6,229,11,S005
4,74,978,3,345,20,S002
4,77,672,7,411,9,S001
4,78,350,3,159,20,S005
4,79,614,4,378,5,S001
4,80,497,7,202,23,S005
4,81,810,2,395,9,S004
4,82,462,2,419,11,S003
4,83,963,5,440,23,S005
4,85,343,4,250,9,S004
4,87,545,5,256,21,S002
4,90,823,7,305,12,S004
4,91,771,4,278,5,S002
4,92,201,6,296,6,S005
4,93,503,3,322,19,S002
4,94,453,6,188,24,S004
4,95,851,7,386,22,S003
4,96,652,4,375,15,S001
4,97,236,7,335,14,S001
4,98,359,3,282,8,S003
4,99,208,2,308,9,S001
5,1,432,2,229,8,S005
5,2,298,7,252,17,S005
5,3,858,5,112,17,S004
5,4,407,4,221,22,S004
5,5,330,4,458,6,S002
5,6,603,2,319,20,S004
5,7,351,6,205,5,S005
5,8,253,3,474,23,S004
5,9,319,6,169,13,S001
5,10,872,6,294,7,S002
5,11,827,7,285,11,S002
5,12,786,2,198,14,S005
5,13,824,2,181,5,S004
5,14,619,2,174,14,S001
5,16,621,7,473,13,S004
5,17,303,5,439,19,S003
5,18,453,6,291,19,S004
5,19,426,7,424,7,S005
5,20,311,4,313,9,S004
5,21,709,3,414,13,S002
5,22,672,5,481,13,S001
5,23,298,4,466,11,S005
5,24,352,6,417,16,S003
5,25,537,2,243,13,S001
5,26,905,6,483,10,S001
5,27,362,7,315,6,S002
5,28,919,3,460,13,S002
5,29,880,7,423,21,S002
5,30,360,5,114,5,S005
5,31,779,5,316,23,S004
5,32,597,3,134,10,S001
5,33,476,4,282,9,S004
5,34,703,4,369,6,S004
5,35,591,5,457,13,S002
5,36,334,5,199,18,S004
5,38,394,2,106,8,S001
5,40,600,4,129,8,S001
5,41,839,3,404,19,S003
5,42,232,4,243,12,S005
5,44,887,2,210,8,S004
5,45,659,7,331,20,S005
5,46,669,5,278,8,S005
5,47,574,5,171,20,S005
5,49,221,2,309,16,S005
5,51,949,3,319,20,S001
5,52,869,5,179,23,S004
5,54,237,6,182,12,S003
5,55,429,5,141,10,S005
5,56,564,6,372,14,S003
5,58,762,2,290,9,S001
5,59,637,2,272,22,S001
5,60,975,5,106,14,S002
5,67,482,4,254,14,S005
5,71,226,6,109,11,S002
5,72,425,3,133,22,S003
5,74,476,5,135,5,S004
5,77,997,3,105,11,S002
5,78,808,5,314,5,S001
5,79,483,4,233,19,S005
5,80,680,4,384,8,S003
5,81,652,4,225,24,S001
5,82,858,7,436,14,S004
5,85,715,4,273,13,S005
5,87,746,2,251,6,S004
5,90,391,2,430,18,S004
5,91,248,7,125,20,S005
5,92,711,6,482,5,S005
5,94,216,3,214,6,S004
5,95,371,5,481,11,S003
5,96,419,5,383,14,S005
5,97,357,7,486,24,S001
5,98,676,2,174,5,S002
6,1,245,5,265,17,S003
6,2,572,2,288,5,S005
6,3,717,6,177,9,S005
6,4,298,3,189,20,S003
6,5,944,6,275,19,S002
6,6,236,7,120,21,S004
6,7,479,4,153,20,S001
6,8,548,4,283,17,S005
6,9,696,4,458,15,S002
6,10,501,6,321,21,S001
6,11,380,5,414,21,S003
6,12,806,3,427,6,S005
6,13,298,4,278,17,S004
6,14,899,7,375,18,S003
6,16,315,7,211,15,S005
6,17,390,4,323,14,S002
6,18,452,4,313,7,S001
6,19,360,3,158,21,S001
6,20,455,4,426,19,S005
6,21,522,3,492,13,S003
6,22,327,7,208,14,S004
6,23,217,4,484,12,S002
6,24,992,6,256,17,S005
6,25,934,6,290,22,S002
6,26,765,7,299,9,S001
6,27,769,3,411,10,S004
6,28,522,6,295,21,S002
6,29,885,3,134,15,S005
6,30,991,6,478,24,S004
6,31,825,6,486,20,S003
6,32,487,3,345,13,S005
6,33,862,5,336,6,S002
6,34,838,6,203,9,S004
6,35,354,4,106,5,S005
6,36,689,7,382,8,S004
6,37,585,5,100,8,S004
6,38,984,3,318,7,S004
6,40,303,5,329,13,S002
6,41,592,2,271,16,S005
6,42,445,2,186,14,S001
6,44,375,6,140,6,S001
6,45,238,6,222,15,S002
6,46,676,4,430,14,S002
6,47,881,7,397,10,S004
6,48,958,5,472,22,S005
6,49,737,2,277,6,S005
6,51,607,6,162,6,S003
6,52,724,7,264,14,S003
6,54,705,5,286,20,S001
6,55,235,6,482,16,S003
6,56,884,6,308,5,S003
6,58,219,2,326,12,S001
6,59,520,2,488,20,S001
6,60,975,6,147,22,S003
6,67,711,3,323,17,S005
6,71,599,6,102,19,S003
6,72,853,7,471,16,S004
6,74,670,6,274,12,S004
6,77,342,4,198,14,S004
6,78,291,4,215,18,S002
6,79,553,4,369,9,S004
6,80,999,3,467,22,S005
6,81,926,3,352,23,S002
6,82,250,6,416,19,S002
6,83,864,4,194,10,S004
6,85,897,3,372,15,S003
6,87,774,2,479,15,S001
6,90,389,6,123,24,S003
6,91,324,7,215,24,S003
6,92,349,5,250,22,S002
6,93,513,6,437,22,S002
6,94,769,5,149,14,S002
6,95,541,4,305,6,S005
6,96,504,5,434,13,S005
6,97,891,4,178,18,S001
6,98,881,2,169,23,S002
6,99,982,5,126,14,S004
7,1,253,6,370,8,S002
7,2,643,4,149,10,S005
7,3,812,6,391,18,S002
7,4,463,3,346,8,S005
7,5,252,4,363,19,S002
7,6,771,5,178,20,S004
7,7,819,4,486,11,S001
7,8,204,6,289,21,S004
7,9,302,2,146,23,S005
7,10,395,4,460,23,S003
7,11,973,5,453,21,S004
7,12,549,3,451,10,S002
7,13,246,7,288,15,S001
7,14,855,2,355,20,S002
7,16,468,3,321,12,S002
7,17,569,4,471,15,S004
7,18,835,6,340,11,S001
7,19,305,6,368,23,S003
7,20,869,5,100,14,S002
7,21,858,6,133,13,S001
7,22,856,2,178,8,S003
7,23,319,6,335,19,S002
7,24,986,5,433,17,S001
7,25,803,7,476,6,S004
7,26,257,4,448,6,S002
7,27,545,4,197,20,S002
7,28,940,6,181,13,S001
7,29,673,3,291,17,S002
7,30,316,4,352,7,S003
7,31,990,7,137,13,S002
7,32,326,6,113,17,S005
7,33,592,5,491,6,S003
7,34,840,7,446,12,S001
7,35,257,6,409,13,S003
7,36,833,7,485,20,S005
7,38,712,4,308,6,S005
7,40,950,5,456,10,S002
7,41,295,6,188,12,S002
7,42,837,2,155,9,S004
7,44,317,5,193,13,S003
7,45,759,2,192,5,S004
7,46,800,7,439,13,S005
7,47,687,3,184,14,S002
7,48,436,5,344,8,S002
7,49,471,7,121,7,S002
7,51,388,2,390,14,S001
7,52,903,4,371,19,S005
7,54,646,4,405,15,S002
7,55,780,3,221,18,S005
7,56,989,5,227,10,S002
7,58,446,5,212,16,S003
7,59,275,5,372,17,S005
7,60,353,7,435,21,S004
7,67,855,3,229,20,S001
7,71,634,5,231,7,S004
7,72,285,7,184,6,S005
7,74,896,4,449,15,S002
7,77,484,2,489,13,S005
7,78,419,7,180,7,S001
7,79,268,4,424,22,S005
7,80,246,4,168,24,S002
7,81,293,2,247,19,S004
7,82,949,4,115,18,S003
7,83,652,3,406,6,S004
7,85,403,2,204,21,S002
7,87,417,4,264,12,S002
7,90,673,6,300,14,S001
7,91,631,7,296,22,S005
7,92,540,4,284,23,S005
7,93,750,3,421,12,S004
7,94,811,5,364,12,S003
7,95,488,4,462,7,S003
7,96,453,5,199,7,S001
7,97,933,6,441,16,S002
7,98,556,4,419,21,S001
7,99,222,2,313,8,S005
8,1,961,5,377,21,S002
8,2,721,6,261,18,S001
8,3,957,2,256,23,S004
8,4,299,2,350,13,S005
8,5,379,2,465,16,S003
8,6,422,2,196,9,S001
8,7,961,4,117,15,S005
8,8,858,7,426,24,S005
8,9,641,4,482,7,S003
8,10,807,4,196,19,S003
8,11,968,6,100,18,S003
8,12,524,6,315,15,S001
8,13,715,7,231,24,S003
8,14,215,6,359,12,S004
8,16,991,3,224,8,S005
8,17,535,7,181,16,S003
8,18,958,6,382,12,S005
8,19,457,7,270,10,S002
8,20,696,4,158,19,S002
8,21,359,4,131,16,S003
8,22,674,7,260,20,S005
8,23,863,3,383,20,S002
8,24,889,3,205,24,S003
8,25,874,7,204,24,S005
8,26,579,6,327,8,S003
8,27,744,5,287,15,S005
8,28,890,3,169,17,S002
8,29,626,2,417,13,S003
8,30,812,4,389,8,S002
8,31,467,7,186,16,S003
8,32,776,2,469,13,S001
8,33,616,7,461,17,S002
8,34,367,4,155,20,S002
8,35,242,4,212,10,S004
8,36,755,3,112,14,S002
8,37,484,3,117,17,S005
8,38,596,2,281,11,S003
8,40,211,7,212,23,S001
8,41,806,4,328,23,S005
8,42,501,2,270,21,S005
8,44,452,5,394,17,S005
8,45,698,2,288,17,S005
8,46,953,6,178,6,S001
8,47,234,2,245,14,S004
8,49,926,6,281,17,S002
8,51,289,6,385,13,S005
8,52,975,6,349,5,S002
8,54,804,5,453,18,S002
8,55,801,2,413,20,S005
8,56,617,2,295,24,S004
8,58,314,5,422,19,S002
8,59,816,4,170,5,S003
8,60,395,3,347,21,S002
8,67,700,2,245,17,S005
8,71,825,3,205,19,S001
8,72,692,7,362,20,S002
8,74,274,7,395,20,S004
8,77,612,5,169,6,S003
8,78,575,7,292,21,S003
8,79,619,7,167,15,S001
8,80,928,4,404,12,S001
8,81,476,4,151,24,S002
8,82,960,4,469,7,S005
8,83,875,7,462,16,S004
8,85,593,5,384,24,S003
8,87,656,6,433,20,S001
8,90,391,6,108,18,S004
8,91,938,3,350,20,S005
8,92,888,6,431,21,S003
8,93,298,6,397,15,S003
8,94,747,4,283,21,S005
8,95,295,4,278,23,S003
8,96,863,7,297,5,S005
8,97,862,3,227,16,S003
8,98,389,2,119,19,S002
8,99,935,3,427,22,S005
9,1,236,3,164,18,S004
9,2,979,5,281,5,S002
9,3,568,7,340,17,S004
9,4,894,5,468,19,S003
9,5,724,3,123,11,S004
9,6,478,3,483,19,S002
9,7,416,3,182,24,S005
9,8,997,6,418,14,S001
9,9,472,5,284,18,S004
9,10,261,3,415,10,S001
9,11,795,4,198,18,S004
9,12,928,7,161,16,S004
9,13,541,7,385,15,S005
9,14,596,4,121,24,S003
9,16,898,7,311,23,S002
9,17,218,6,225,6,S002
9,18,376,6,141,24,S002
9,19,811,2,197,5,S003
9,20,595,2,130,12,S001
9,21,644,2,257,18,S002
9,22,432,7,211,13,S001
9,23,275,6,346,6,S003
9,24,464,6,221,9,S003
9,25,654,6,372,12,S005
9,26,995,4,393,20,S002
9,27,917,6,497,20,S005
9,28,934,4,306,17,S002
9,29,583,2,209,24,S003
9,30,763,2,377,19,S003
9,31,705,7,155,5,S004
9,32,566,2,474,7,S004
9,33,343,7,156,10,S003
9,34,268,3,390,18,S003
9,35,298,3,213,8,S001
9,36,595,5,480,22,S001
9,38,224,7,484,19,S005
9,40,668,5,407,13,S004
9,41,683,5,440,22,S004
9,42,764,3,297,7,S003
9,44,350,7,420,14,S003
9,45,343,3,278,21,S005
9,46,768,5,484,11,S004
9,47,238,7,318,19,S001
9,48,308,5,376,5,S002
9,49,892,6,115,15,S005
9,51,241,7,478,21,S002
9,52,385,7,160,9,S001
9,54,597,5,153,11,S001
9,55,422,6,267,23,S002
9,56,833,4,125,19,S005
9,59,332,3,435,7,S002
9,60,362,5,164,19,S005
9,67,414,7,199,9,S005
9,71,932,3,173,16,S003
9,72,434,3,291,24,S004
9,74,857,3,270,9,S004
9,77,950,4,372,7,S001
9,78,787,2,476,13,S003
9,79,208,5,286,13,S004
9,80,273,2,122,11,S005
9,81,691,2,490,6,S005
9,82,452,2,280,20,S002
9,85,429,3,426,13,S002
9,87,718,6,207,17,S005
9,90,373,3,434,23,S005
9,91,852,3,261,24,S002
9,92,367,7,401,21,S004
9,93,369,7,305,10,S001
9,94,592,2,177,8,S002
9,95,994,3,115,5,S004
9,96,833,2,426,22,S004
9,97,393,7,195,23,S004
9,98,716,6,246,13,S003
10,1,228,5,101,17,S003
10,2,364,2,109,12,S004
10,3,621,6,224,17,S005
10,4,538,5,180,19,S003
10,5,847,4,239,15,S002
10,6,695,2,425,16,S003
10,7,564,2,249,18,S005
10,8,541,4,387,8,S001
10,9,699,4,460,5,S003
10,10,856,2,439,8,S004
10,11,710,4,228,23,S004
10,12,526,3,338,13,S004
10,13,416,5,157,14,S001
10,14,500,5,297,8,S005
10,16,331,5,310,24,S002
10,17,269,3,489,13,S005
10,18,451,4,144,17,S001
10,19,614,6,196,16,S004
10,20,986,4,378,15,S005
10,21,644,2,122,16,S002
10,22,381,7,490,22,S004
10,23,366,5,434,16,S002
10,24,290,4,143,20,S003
10,25,913,6,126,9,S002
10,26,730,2,381,24,S004
10,27,238,3,196,16,S003
10,28,325,3,135,15,S004
10,29,650,6,208,13,S004
10,30,372,2,154,22,S003
10,31,852,5,291,7,S002
10,32,953,4,318,24,S001
10,33,419,2,284,21,S001
10,34,837,3,168,18,S001
10,35,257,6,416,5,S001
10,36,859,6,229,21,S005
10,37,675,4,154,12,S001
10,38,655,6,477,9,S003
10,40,560,6,196,9,S001
10,41,200,2,435,13,S004
10,42,586,5,186,7,S001
10,44,547,4,393,23,S002
10,45,389,2,218,13,S003
10,46,704,5,307,22,S003
10,47,390,2,433,20,S005
10,48,707,7,253,5,S004
10,49,568,2,134,6,S003
10,50,608,6,178,18,S002
10,51,316,5,166,18,S001
10,52,333,4,442,5,S003
10,54,257,4,133,20,S002
10,55,755,5,196,19,S001
10,56,884,6,268,19,S005
10,58,871,3,268,16,S003
10,59,372,2,250,20,S003
10,60,348,6,170,18,S002
10,67,279,7,102,19,S004
10,71,412,5,413,19,S005
10,72,402,2,131,23,S004
10,74,963,4,386,12,S003
10,77,428,3,181,6,S004
10,78,875,7,142,6,S001
10,79,426,4,490,14,S005
10,80,858,5,204,7,S004
10,81,731,2,100,21,S001
10,82,640,5,160,12,S002
10,83,601,2,369,8,S004
10,85,246,6,279,18,S005
10,87,432,3,323,14,S001
10,90,504,6,105,5,S004
10,91,725,6,202,8,S002
10,92,342,5,109,5,S004
10,93,614,3,170,21,S001
10,94,712,2,189,21,S004
10,95,572,2,325,11,S005
10,96,765,7,257,24,S003
10,97,458,4,327,19,S001
10,98,855,7,225,17,S001
11,1,670,7,308,6,S001
11,2,211,2,196,23,S001
11,3,529,5,173,17,S004
11,4,935,6,214,15,S005
11,5,983,6,290,19,S002
11,6,557,6,269,14,S005
11,7,607,3,406,13,S001
11,8,867,2,303,13,S004
11,9,572,5,155,24,S004
11,10,207,3,307,5,S001
11,11,321,4,140,21,S004
11,12,547,5,131,16,S001
11,13,875,7,114,14,S005
11,14,289,5,161,9,S003
11,16,847,5,254,22,S004
11,17,897,6,383,19,S001
11,18,515,5,308,10,S001
11,19,377,7,419,11,S004
11,20,739,7,286,21,S002
11,21,931,2,229,10,S001
11,22,240,5,226,12,S004
11,23,939,6,391,16,S001
11,24,903,5,213,18,S002
11,25,701,4,298,16,S003
11,26,344,4,112,14,S002
11,27,400,6,370,24,S005
11,28,923,2,188,19,S004
11,29,660,2,314,11,S002
11,30,931,7,377,13,S003
11,31,951,7,302,14,S001
11,32,757,3,173,14,S004
11,33,746,6,124,20,S002
11,34,452,5,200,11,S003
11,35,589,6,275,9,S002
11,36,793,3,216,7,S005
11,37,455,7,265,22,S004
11,38,908,6,140,15,S001
11,40,649,6,443,19,S003
11,41,209,7,465,24,S002
11,42,997,3,219,9,S004
11,44,441,7,196,16,S002
11,45,450,2,244,8,S004
11,46,204,5,315,19,S005
11,47,318,7,328,13,S002
11,48,573,3,412,11,S005
11,49,264,4,229,14,S003
11,50,345,2,451,17,S005
11,51,423,4,476,12,S004
11,52,438,7,417,16,S003
11,54,376,2,236,23,S002
11,55,978,5,423,5,S002
11,56,481,7,436,20,S004
11,58,262,5,372,21,S001
11,59,416,6,216,22,S001
11,60,994,4,405,15,S002
11,67,888,2,467,22,S004
11,71,660,5,193,11,S001
11,72,809,3,267,22,S005
11,74,304,5,302,12,S002
11,77,298,3,440,10,S005
11,78,710,7,248,11,S004
11,79,584,2,282,14,S005
11,80,604,5,251,15,S001
11,81,717,5,173,17,S001
11,82,675,2,464,13,S003
11,83,908,5,373,11,S002
11,85,844,3,141,13,S004
11,87,970,5,311,17,S002
11,90,636,4,200,7,S005
11,91,222,7,144,7,S004
11,92,764,6,181,5,S004
11,93,876,3,116,24,S001
11,94,913,4,172,6,S005
11,95,657,7,113,7,S001
11,96,282,2,256,19,S001
11,97,344,3,322,10,S003
11,98,284,6,231,17,S001
11,99,277,7,437,5,S002
12,1,656,6,475,24,S004
12,2,200,2,475,23,S001
12,3,250,2,146,5,S002
12,4,884,3,206,6,S005
12,5,916,5,207,19,S004
12,6,971,2,364,18,S005
12,7,645,7,304,23,S002
12,8,648,5,178,15,S005
12,9,687,4,254,19,S005
12,10,999,6,370,10,S005
12,11,233,5,346,24,S001
12,12,547,6,118,13,S001
12,13,294,5,445,9,S001
12,14,271,4,125,24,S004
12,16,750,2,316,6,S002
12,17,353,4,253,10,S001
12,18,449,2,253,22,S005
12,19,873,2,273,23,S005
12,20,637,6,191,13,S005
12,21,317,7,437,10,S005
12,22,970,4,280,18,S003
12,23,505,5,230,17,S004
12,24,467,4,397,15,S002
12,25,253,6,374,16,S002
12,26,435,2,372,23,S001
12,27,588,6,175,23,S003
12,28,933,3,276,23,S002
12,29,962,3,283,17,S004
12,30,600,5,418,18,S005
12,31,823,6,230,22,S001
12,32,966,5,462,16,S004
12,33,502,5,148,8,S002
12,34,406,3,154,14,S003
12,35,428,5,253,21,S001
12,36,777,3,454,8,S002
12,38,274,2,299,16,S001
12,40,634,6,407,17,S002
12,41,302,5,455,8,S005
12,42,621,3,472,14,S003
12,44,903,4,217,7,S005
12,45,963,5,362,19,S002
12,46,937,7,145,6,S004
12,47,505,2,401,21,S005
12,49,297,2,455,10,S004
12,51,997,4,499,12,S002
12,52,534,3,288,7,S003
12,54,634,5,409,22,S004
12,55,646,3,417,5,S002
12,56,507,2,228,20,S004
12,58,448,3,148,11,S005
12,59,365,2,124,7,S002
12,60,680,3,365,8,S005
12,67,534,4,217,13,S001
12,71,741,6,243,9,S002
12,72,958,4,299,23,S004
12,74,305,4,256,19,S001
12,77,762,6,447,12,S005
12,78,280,6,233,10,S005
12,79,332,5,499,22,S004
12,80,996,5,247,23,S001
12,81,337,4,435,19,S003
12,82,383,4,170,11,S004
12,83,600,2,332,14,S005
12,85,529,2,433,10,S002
12,87,984,5,398,18,S001
12,90,707,7,253,21,S003
12,91,268,7,189,13,S002
12,92,745,5,433,23,S001
12,93,973,2,298,9,S004
12,94,252,2,260,11,S004
12,95,649,7,125,23,S001
12,96,404,3,220,24,S003
12,97,325,3,400,11,S001
12,98,946,2,311,6,S002
12,99,242,3,162,20,S002
13,1,951,6,167,17,S004
13,2,310,5,352,12,S001
13,3,960,5,101,10,S004
13,4,862,2,497,10,S003
13,5,382,4,207,13,S002
13,6,294,7,385,8,S005
13,7,573,2,148,15,S005
13,8,719,3,239,9,S001
13,9,559,7,317,21,S001
13,10,895,4,143,24,S005
13,11,480,3,368,11,S001
13,12,394,6,177,19,S002
13,13,394,3,315,19,S003
13,14,866,6,481,18,S003
13,16,292,7,197,17,S004
13,17,871,6,335,15,S002
13,18,260,7,381,17,S001
13,19,833,7,248,13,S001
13,20,250,7,403,14,S004
13,21,602,7,165,8,S004
13,22,988,7,333,21,S001
13,23,204,3,186,18,S001
13,24,665,7,178,22,S002
13,25,803,3,304,15,S004
13,26,881,7,378,20,S002
13,27,733,6,436,5,S001
13,28,604,7,353,11,S005
13,29,712,4,403,14,S005
13,30,844,7,479,13,S001
13,31,432,7,229,7,S004
13,32,723,6,183,18,S005
13,33,545,5,375,19,S004
13,34,245,6,286,6,S005
13,35,745,4,145,18,S004
13,36,277,5,486,20,S005
13,37,929,2,282,11,S004
13,38,272,2,367,8,S002
13,40,993,4,395,22,S004
13,41,448,6,421,9,S002
13,42,246,3,199,10,S002
13,43,320,4,177,11,S001
13,44,413,5,371,19,S002
13,45,438,5,438,5,S003
13,46,255,7,261,8,S002
13,47,549,2,143,5,S004
13,48,306,5,337,15,S002
13,49,247,4,233,22,S004
13,50,772,5,291,18,S004
13,51,536,4,455,15,S003
13,52,225,3,377,14,S002
13,54,456,7,117,21,S002
13,55,207,2,111,8,S005
13,56,824,5,279,19,S005
13,58,452,4,222,20,S001
13,59,891,6,345,17,S004
13,60,918,2,321,13,S003
13,67,502,3,472,15,S005
13,71,838,4,150,15,S002
13,72,255,7,170,10,S001
13,74,925,7,147,5,S003
13,77,725,3,118,10,S002
13,78,673,3,361,17,S002
13,79,227,7,183,9,S004
13,80,277,5,254,19,S004
13,81,415,5,152,22,S005
13,82,585,4,206,24,S005
13,83,564,6,456,18,S002
13,85,865,4,403,19,S002
13,87,725,6,234,9,S005
13,90,898,3,168,8,S005
13,91,511,2,110,6,S002
13,92,206,4,242,11,S003
13,93,202,4,291,14,S002
13,94,822,6,486,20,S003
13,95,949,3,477,14,S003
13,96,562,3,168,22,S002
13,97,950,6,122,21,S001
13,98,707,3,280,17,S005
13,99,473,7,392,5,S004
14,1,705,5,108,5,S002
14,2,938,7,370,19,S003
14,3,214,2,486,5,S002
14,4,391,4,192,10,S005
14,5,830,2,116,17,S003
14,6,684,4,253,5,S004
14,7,227,5,427,9,S004
14,8,913,3,248,13,S004
14,9,238,7,476,21,S001
14,10,472,6,366,20,S003
14,11,430,7,427,12,S003
14,12,285,5,205,21,S001
14,13,673,2,480,19,S003
14,14,325,6,134,5,S001
14,16,736,3,218,16,S002
14,17,344,5,113,9,S005
14,18,724,6,113,10,S004
14,19,411,5,365,5,S001
14,20,224,5,239,5,S001
14,21,779,3,393,14,S001
14,22,593,4,463,14,S002
14,23,266,6,218,7,S001
14,24,432,3,337,21,S005
14,25,308,5,133,23,S005
14,26,345,3,268,15,S004
14,27,310,4,109,22,S002
14,28,427,7,221,6,S005
14,29,310,6,244,13,S003
14,30,669,4,322,21,S003
14,31,233,2,470,18,S003
14,32,822,6,356,8,S001
14,33,975,4,367,21,S001
14,34,568,5,458,21,S003
14,35,947,6,103,16,S004
14,36,794,6,496,24,S004
14,38,753,3,453,22,S001
14,40,624,5,205,7,S003
14,41,812,2,184,15,S004
14,42,717,7,313,22,S001
14,43,891,4,220,8,S003
14,44,481,3,231,21,S002
14,45,519,4,437,22,S003
14,46,937,2,296,9,S003
14,47,642,2,118,18,S005
14,49,514,6,229,14,S005
14,50,940,2,111,19,S002
14,51,576,4,180,5,S002
14,52,488,5,429,20,S003
14,54,636,5,453,15,S004
14,55,861,6,361,24,S002
14,56,476,7,491,10,S003
14,58,909,4,224,20,S001
14,59,781,4,406,6,S005
14,60,702,2,366,5,S004
14,67,823,4,482,13,S003
14,71,715,3,239,16,S001
14,72,549,7,428,21,S005
14,74,645,2,101,19,S001
14,77,549,3,107,23,S003
14,78,806,6,349,14,S002
14,79,863,5,238,16,S005
14,80,336,6,223,18,S001
14,81,958,5,408,13,S002
14,82,442,6,327,17,S004
14,83,742,4,109,7,S003
14,85,239,3,311,18,S003
14,87,428,5,211,14,S005
14,90,747,2,107,20,S001
14,91,422,3,391,11,S004
14,92,205,2,461,8,S005
14,93,521,3,352,24,S005
14,94,667,3,113,15,S001
14,95,931,6,339,20,S004
14,96,274,5,341,24,S001
14,97,203,5,441,8,S003
14,98,845,3,248,21,S002
14,99,317,4,335,17,S003
15,1,805,4,405,15,S003
15,2,703,2,266,7,S005
15,3,773,2,119,13,S003
15,4,640,6,315,10,S004
15,5,393,3,442,15,S003
15,6,914,2,234,20,S004
15,7,591,2,492,23,S001
15,8,225,7,228,9,S005
15,9,634,3,393,18,S004
15,10,372,6,345,21,S003
15,11,499,2,288,7,S005
15,12,844,6,143,8,S005
15,13,525,5,185,20,S004
15,14,609,6,143,20,S004
15,16,317,4,429,8,S002
15,17,986,4,474,23,S002
15,18,923,6,477,21,S005
15,19,424,4,489,17,S002
15,20,731,5,244,5,S003
15,21,312,3,150,16,S001
15,22,339,4,341,8,S005
15,23,758,4,393,15,S001
15,24,200,6,150,9,S002
15,25,289,5,365,6,S004
15,26,853,3,219,21,S005
15,27,519,6,299,12,S002
15,28,749,6,347,10,S003
15,29,338,7,169,13,S005
15,30,710,5,440,17,S005
15,31,458,3,156,15,S004
15,32,872,5,481,20,S005
15,33,889,3,138,20,S004
15,34,209,5,388,6,S002
15,35,460,6,117,14,S003
15,36,849,6,319,16,S003
15,37,371,2,412,12,S005
15,38,212,4,343,15,S005
15,40,367,7,451,14,S002
15,41,841,5,403,17,S004
15,42,795,7,397,21,S003
15,43,520,2,382,11,S004
15,44,518,4,173,7,S002
15,45,812,5,209,24,S003
15,46,528,3,279,17,S003
15,47,984,4,131,23,S001
15,48,976,6,333,11,S002
15,49,749,2,381,13,S002
15,50,618,4,124,23,S001
15,51,805,4,430,17,S004
15,52,294,6,378,12,S001
15,54,780,5,325,22,S002
15,55,517,3,156,6,S004
15,56,435,6,279,22,S003
15,58,533,3,331,22,S001
15,59,575,5,481,15,S004
15,60,658,4,442,5,S004
15,67,336,3,386,18,S004
15,71,787,2,163,20,S001
15,72,746,2,331,15,S003
15,74,712,6,388,5,S004
15,77,495,5,312,11,S001
15,78,519,6,357,20,S002
15,79,771,6,117,18,S001
15,80,548,7,274,19,S001
15,81,978,6,328,18,S001
15,82,428,7,325,15,S004
15,83,469,2,183,20,S001
15,85,997,2,390,23,S002
15,87,490,6,469,21,S004
15,90,924,2,345,10,S002
15,91,364,5,209,15,S005
15,92,204,7,353,21,S001
15,93,578,7,187,13,S004
15,94,277,6,171,22,S004
15,95,609,2,480,21,S001
15,96,773,3,129,16,S003
15,97,331,7,271,9,S003
15,98,800,6,408,15,S002
15,99,948,6,493,8,S001
16,1,241,5,442,8,S001
16,2,288,4,276,7,S005
16,3,601,4,238,21,S003
16,4,495,7,293,11,S003
16,5,494,5,285,8,S001
16,6,815,5,317,17,S002
16,7,725,5,263,16,S001
16,8,999,7,260,5,S002
16,9,890,4,112,23,S003
16,10,836,5,395,24,S005
16,11,621,2,188,22,S004
16,12,222,6,423,15,S003
16,13,774,6,141,24,S002
16,14,342,3,309,7,S001
16,16,864,3,328,21,S003
16,17,344,7,449,16,S005
16,18,424,7,374,14,S002
16,19,702,6,378,12,S001
16,20,815,2,350,19,S004
16,21,303,4,409,9,S002
16,22,238,4,307,8,S001
16,23,397,7,420,24,S004
16,24,845,2,239,23,S001
16,25,778,7,379,8,S004
16,26,590,4,133,19,S004
16,27,378,7,408,21,S004
16,28,753,5,491,16,S001
16,29,647,7,117,7,S004
16,30,699,6,156,14,S002
16,31,214,7,211,19,S005
16,32,822,6,104,14,S005
16,33,868,2,281,22,S004
16,34,488,4,112,5,S005
16,35,677,3,438,7,S005
16,36,430,3,384,16,S004
16,38,619,4,358,5,S004
16,40,356,3,189,7,S002
16,41,749,7,203,7,S003
16,42,640,2,478,9,S001
16,44,296,2,285,23,S004
16,45,610,4,349,5,S004
16,46,488,3,354,8,S005
16,47,453,7,175,8,S002
16,48,395,2,485,21,S005
16,49,797,2,207,18,S004
16,51,721,5,255,22,S004
16,52,716,5,181,5,S005
16,54,834,2,176,20,S004
16,55,317,4,357,7,S003
16,56,358,6,226,13,S001
16,58,427,6,490,8,S001
16,59,415,7,381,9,S001
16,60,895,2,187,15,S003
16,67,214,2,303,13,S004
16,71,356,2,115,7,S005
16,72,847,4,250,10,S002
16,74,460,5,353,15,S004
16,77,356,2,287,13,S003
16,78,246,2,428,19,S003
16,79,523,3,131,7,S001
16,80,884,4,370,5,S004
16,81,329,7,496,24,S001
16,82,610,2,104,23,S002
16,83,294,3,429,18,S001
16,85,826,6,407,21,S002
16,87,954,7,432,18,S003
16,90,491,2,268,21,S001
16,91,993,2,280,18,S001
16,92,482,3,465,16,S005
16,93,268,4,277,20,S003
16,94,859,2,242,5,S005
16,95,210,6,461,17,S002
16,96,453,2,347,10,S002
16,97,749,6,226,21,S003
16,98,333,7,362,16,S002
16,99,911,7,139,23,S003
17,1,222,5,454,10,S002
17,2,545,5,354,11,S004
17,3,501,6,242,5,S001
17,4,562,4,339,5,S004
17,5,595,2,327,9,S003
17,6,417,2,440,10,S003
17,7,340,5,297,20,S004
17,8,815,6,164,20,S001
17,9,409,2,487,18,S001
17,10,822,2,110,5,S005
17,11,815,4,207,17,S002
17,12,882,3,125,24,S005
17,13,659,5,250,14,S001
17,14,555,5,320,14,S004
17,16,523,3,440,13,S002
17,17,332,2,336,17,S004
17,18,326,4,336,7,S005
17,19,305,4,318,22,S003
17,20,803,5,250,24,S004
17,21,998,4,222,6,S005
17,22,577,7,243,21,S005
17,23,250,3,288,23,S005
17,24,228,2,354,17,S003
17,25,661,7,167,17,S003
17,26,495,3,203,5,S003
17,27,496,6,435,6,S002
17,28,925,5,258,5,S003
17,29,978,4,408,9,S003
17,30,606,6,461,7,S003
17,31,968,4,399,11,S004
17,32,812,7,495,17,S003
17,33,604,2,189,22,S002
17,34,545,2,456,11,S005
17,35,821,2,355,5,S004
17,36,619,4,452,9,S001
17,38,381,6,319,21,S003
17,40,200,2,108,12,S005
17,41,766,6,111,19,S005
17,42,570,4,424,24,S004
17,44,860,7,343,8,S001
17,45,630,6,281,6,S002
17,46,508,7,383,9,S005
17,47,336,4,411,5,S005
17,48,401,4,198,9,S005
17,49,635,5,296,10,S005
17,51,512,4,465,6,S004
17,52,316,4,325,5,S001
17,54,865,3,432,8,S005
17,55,774,2,202,11,S002
17,56,443,5,205,5,S002
17,58,736,5,464,5,S003
17,59,801,5,467,12,S005
17,60,274,3,157,24,S005
17,67,585,7,177,20,S005
17,71,409,4,174,17,S005
17,72,674,2,141,22,S005
17,74,617,6,423,24,S002
17,77,546,7,280,14,S001
17,78,728,4,132,16,S001
17,79,839,3,170,5,S003
17,80,962,4,155,14,S002
17,81,378,4,204,13,S005
17,82,381,3,299,7,S001
17,83,863,5,200,23,S004
17,85,224,5,355,13,S004
17,87,379,2,406,14,S004
17,90,909,2,173,23,S005
17,91,700,5,270,20,S005
17,92,360,7,476,22,S003
17,93,376,6,242,18,S003
17,94,484,4,265,7,S003
17,95,262,6,498,6,S004
17,96,861,4,360,5,S005
17,97,865,5,320,22,S004
17,98,355,2,182,13,S003
17,99,668,7,281,17,S005
18,1,248,2,406,6,S002
18,2,283,6,109,11,S001
18,3,560,2,495,20,S001
18,4,888,5,103,23,S003
18,5,347,7,450,19,S004
18,6,829,6,435,15,S002
18,7,541,7,391,5,S005
18,8,675,4,380,11,S004
18,9,262,2,314,24,S003
18,10,900,7,197,12,S004
18,11,559,3,200,14,S003
18,12,760,2,108,9,S001
18,13,526,4,160,13,S001
18,14,968,7,408,5,S004
18,16,935,6,245,6,S002
18,17,340,4,162,23,S005
18,18,414,3,220,18,S003
18,19,634,7,325,24,S005
18,20,922,5,204,14,S001
18,21,517,2,359,13,S002
18,22,231,6,448,14,S002
18,23,869,5,354,10,S005
18,24,484,7,306,21,S001
18,25,504,7,127,10,S005
18,26,628,4,269,8,S004
18,27,676,7,435,24,S002
18,28,485,6,175,7,S002
18,29,343,5,215,23,S004
18,30,623,6,168,22,S001
18,31,218,3,453,8,S002
18,32,217,3,333,12,S003
18,33,968,2,100,21,S003
18,34,789,2,266,9,S001
18,35,570,3,451,17,S004
18,36,374,7,317,5,S005
18,38,393,6,372,17,S001
18,39,701,3,467,8,S005
18,40,312,2,350,18,S001
18,41,313,3,446,7,S003
18,42,421,7,443,9,S004
18,44,877,3,273,11,S003
18,45,843,6,269,5,S004
18,46,463,5,345,16,S005
18,47,254,7,189,15,S001
18,48,842,2,148,12,S002
18,49,999,6,393,10,S002
18,50,977,3,249,6,S004
18,51,657,3,231,23,S004
18,52,361,5,158,24,S003
18,54,579,2,423,24,S002
18,55,286,2,298,18,S003
18,56,254,4,314,5,S005
18,58,675,2,485,14,S002
18,59,999,5,148,20,S005
18,60,377,4,331,8,S001
18,67,590,4,346,15,S003
18,71,548,3,481,20,S004
18,72,207,3,338,24,S002
18,74,512,2,466,5,S003
18,77,958,4,267,20,S004
18,78,642,3,147,23,S001
18,79,966,5,150,13,S002
18,80,527,3,398,13,S005
18,81,253,7,197,13,S001
18,82,960,7,315,21,S004
18,83,438,3,276,16,S002
18,85,428,4,479,17,S002
18,87,778,4,179,12,S001
18,90,250,6,284,20,S002
18,91,808,7,466,22,S004
18,92,803,5,498,5,S001
18,93,463,4,126,5,S005
18,94,617,2,294,16,S001
18,95,295,7,313,10,S001
18,96,287,5,468,13,S005
18,97,277,5,441,9,S004
18,98,487,4,213,20,S003
18,99,319,5,341,22,S003
19,1,690,4,223,21,S005
19,2,651,3,404,22,S004
19,3,699,7,175,5,S002
19,4,364,6,410,23,S005
19,5,381,3,411,12,S003
19,6,668,7,295,7,S004
19,7,934,4,450,9,S001
19,8,206,7,143,12,S004
19,9,529,4,285,23,S004
19,10,974,3,442,22,S003
19,11,872,2,345,22,S003
19,12,350,2,183,5,S002
19,13,284,7,306,19,S002
19,14,346,2,250,22,S005
19,16,823,4,255,11,S001
19,17,580,5,115,20,S002
19,18,747,4,264,20,S003
19,19,484,5,244,19,S004
19,20,899,3,136,10,S005
19,21,281,6,432,13,S002
19,22,713,5,144,11,S004
19,23,908,2,305,18,S004
19,24,722,4,161,15,S002
19,25,945,3,455,20,S001
19,26,585,2,407,10,S001
19,27,906,3,118,20,S005
19,28,670,6,464,24,S001
19,29,318,4,399,20,S005
19,30,595,7,106,16,S003
19,31,731,4,348,21,S002
19,32,460,6,216,9,S004
19,33,455,4,167,17,S005
19,34,933,7,133,12,S001
19,35,425,5,293,9,S005
19,36,252,3,424,16,S005
19,37,699,7,154,13,S001
19,38,705,2,365,7,S001
19,39,563,6,141,7,S002
19,40,479,5,396,5,S004
19,41,792,2,330,22,S002
19,42,913,2,477,16,S002
19,44,357,6,493,13,S001
19,45,831,5,109,13,S001
19,46,258,2,457,22,S004
19,47,926,2,227,22,S005
19,48,327,5,278,11,S002
19,49,935,4,491,8,S004
19,50,920,2,292,17,S002
19,51,314,3,191,21,S005
19,52,408,5,468,6,S002
19,54,725,2,330,18,S003
19,55,720,6,177,7,S004
19,56,751,7,184,9,S001
19,58,436,3,129,18,S002
19,59,480,7,312,7,S004
19,60,558,7,148,11,S004
19,67,400,2,364,22,S002
19,71,957,3,244,17,S001
19,72,477,3,168,14,S001
19,74,434,4,157,17,S002
19,77,693,7,284,20,S004
19,78,203,3,161,13,S001
19,79,865,4,407,6,S002
19,80,641,5,395,9,S002
19,81,228,4,265,21,S002
19,82,308,6,270,8,S004
19,83,809,2,162,21,S001
19,85,926,5,246,13,S004
19,87,274,5,405,24,S003
19,90,345,6,260,6,S001
19,91,327,4,240,22,S004
19,92,241,2,433,15,S001
19,93,555,4,196,17,S003
19,94,240,3,320,12,S005
19,95,233,4,142,5,S002
19,96,216,5,391,21,S004
19,97,876,2,477,16,S003
19,98,352,4,207,8,S003
19,99,577,2,365,17,S001
20,1,787,2,194,13,S001
20,2,798,3,361,11,S002
20,3,828,3,412,9,S001
20,4,541,5,484,9,S004
20,5,226,6,170,21,S004
20,6,486,2,318,13,S004
20,7,845,6,120,10,S005
20,8,930,5,191,23,S004
20,9,367,2,226,20,S001
20,10,809,2,179,6,S001
20,11,467,7,411,14,S004
20,12,948,6,337,20,S003
20,13,654,4,471,9,S003
20,14,884,3,281,19,S003
20,16,600,4,124,17,S002
20,17,675,6,255,17,S005
20,18,901,3,104,17,S004
20,19,833,4,219,19,S002
20,20,757,7,376,18,S003
20,21,775,3,117,12,S004
20,22,329,2,297,15,S002
20,23,562,4,156,22,S001
20,24,904,3,192,8,S003
20,25,892,7,118,14,S002
20,26,491,3,483,5,S001
20,27,570,3,452,9,S003
20,28,993,7,292,17,S005
20,29,228,4,336,5,S003
20,30,348,5,486,12,S005
20,31,978,4,376,7,S005
20,32,495,6,326,7,S005
20,33,210,7,332,11,S004
20,34,711,4,139,8,S004
20,35,875,3,422,7,S005
20,36,312,7,252,19,S001
20,37,386,2,226,12,S005
20,38,943,4,336,7,S002
20,40,426,7,154,11,S005
20,41,509,4,271,22,S004
20,42,297,7,208,15,S004
20,44,254,3,453,15,S002
20,45,822,2,283,21,S002
20,46,863,2,467,10,S003
20,47,957,6,297,12,S001
20,48,605,7,470,5,S001
20,49,268,4,472,14,S001
20,50,511,2,186,23,S004
20,51,488,2,300,7,S001
20,52,961,5,436,8,S003
20,54,747,5,421,15,S003
20,55,950,2,374,19,S001
20,56,347,7,310,5,S002
20,58,666,6,490,13,S003
20,59,938,2,217,15,S002
20,60,443,3,290,23,S004
20,67,690,4,141,17,S003
20,71,706,6,141,20,S002
20,72,564,3,414,8,S001
20,74,681,6,375,5,S004
20,77,400,3,428,24,S005
20,78,353,4,116,17,S005
20,79,649,4,382,5,S001
20,80,700,5,357,9,S004
20,81,272,7,162,9,S004
20,82,912,3,161,18,S004
20,83,495,5,199,18,S004
20,85,216,3,118,12,S005
20,87,840,5,116,8,S002
20,90,416,4,424,11,S004
20,91,260,6,472,24,S002
20,92,815,5,345,23,S004
20,93,241,3,350,19,S003
20,94,224,3,180,8,S003
20,95,238,7,138,23,S003
20,96,330,4,135,13,S004
20,97,697,3,487,17,S002
20,98,428,2,296,18,S005
20,99,307,6,257,18,S001
21,1,371,5,303,14,S005
21,2,634,7,295,20,S004
21,3,677,6,315,9,S003
21,4,301,4,384,10,S003
21,5,723,7,295,6,S002
21,6,474,5,406,17,S004
21,7,812,5,251,17,S005
21,8,243,2,113,23,S004
21,9,216,4,424,22,S004
21,10,529,7,245,23,S003
21,11,768,7,156,5,S005
21,12,696,3,310,12,S001
21,13,211,2,367,20,S003
21,14,517,2,309,6,S005
21,16,791,7,116,12,S002
21,17,415,7,385,10,S003
21,18,538,6,443,20,S002
21,19,975,6,302,15,S003
21,20,860,6,198,21,S004
21,21,280,2,378,23,S005
21,22,926,3,308,15,S002
21,23,684,5,228,12,S003
21,24,573,6,434,8,S002
21,25,909,3,387,15,S003
21,26,399,4,351,12,S003
21,27,736,6,364,13,S001
21,28,665,5,370,6,S001
21,29,288,4,287,20,S001
21,30,467,4,313,10,S002
21,31,854,5,382,23,S004
21,32,770,6,310,12,S003
21,33,688,2,464,18,S005
21,34,737,5,175,20,S001
21,35,246,5,247,16,S002
21,36,487,5,420,9,S002
21,38,977,4,312,23,S002
21,40,215,3,208,22,S005
21,41,910,2,228,13,S005
21,42,600,6,109,6,S001
21,44,993,6,146,24,S005
21,45,285,3,478,16,S001
21,46,449,5,414,6,S005
21,47,590,2,195,14,S005
21,48,981,6,202,5,S005
21,49,534,7,479,8,S001
21,50,828,6,441,16,S003
21,51,718,5,245,13,S001
21,52,336,7,467,8,S003
21,54,887,3,126,13,S002
21,55,697,2,319,10,S002
21,56,926,3,117,5,S001
21,58,676,3,266,14,S003
21,59,793,2,181,18,S003
21,60,422,2,171,22,S003
21,67,571,6,409,10,S002
21,71,601,6,353,22,S001
21,72,642,2,261,24,S004
21,74,689,7,426,20,S003
21,77,814,4,137,19,S003
21,78,472,6,492,20,S004
21,79,725,4,300,12,S001
21,80,358,7,299,17,S003
21,81,351,2,354,15,S001
21,82,819,7,278,11,S003
21,83,387,6,134,21,S005
21,85,297,3,181,22,S003
21,87,330,2,488,23,S005
21,90,370,5,497,17,S001
21,91,382,4,319,19,S003
21,92,563,7,257,5,S002
21,93,238,2,103,20,S002
21,94,726,7,266,9,S004
21,95,696,2,303,7,S002
21,96,715,6,293,14,S005
21,97,548,6,334,23,S002
21,98,596,6,305,9,S002
21,99,921,7,249,11,S002
22,1,360,5,258,18,S003
22,2,215,6,378,7,S004
22,3,692,2,403,17,S001
22,4,625,6,480,17,S004
22,5,307,3,265,14,S005
22,6,649,6,410,6,S003
22,7,510,7,167,10,S003
22,8,938,5,187,12,S002
22,9,369,3,316,8,S002
22,10,745,7,100,16,S005
22,11,613,7,234,19,S003
22,12,450,7,284,12,S001
22,13,958,2,450,11,S004
22,14,980,7,239,18,S003
22,16,340,2,205,23,S001
22,17,473,7,232,18,S001
22,18,615,4,207,17,S004
22,19,807,3,277,5,S001
22,20,938,4,397,23,S005
22,21,238,7,457,5,S001
22,22,228,3,479,8,S005
22,23,676,3,495,14,S001
22,24,517,5,458,7,S002
22,25,444,4,245,24,S001
22,26,947,5,173,13,S005
22,27,896,3,207,7,S001
22,28,471,2,221,10,S001
22,29,639,3,116,10,S001
22,30,947,5,295,16,S005
22,31,438,4,426,5,S001
22,32,576,7,417,20,S004
22,33,465,7,396,9,S004
22,34,558,4,351,13,S005
22,35,539,7,218,14,S002
22,36,588,7,261,17,S004
22,38,776,5,297,19,S003
22,40,888,4,144,16,S004
22,41,202,6,413,9,S003
22,42,628,2,278,9,S005
22,44,341,2,481,22,S002
22,45,575,7,143,16,S003
22,46,869,2,370,7,S003
22,47,523,4,177,11,S004
22,48,345,4,425,21,S003
22,49,492,3,277,23,S005
22,51,864,3,456,22,S005
22,52,631,2,102,5,S005
22,54,904,6,313,9,S004
22,55,784,3,441,6,S002
22,56,598,3,173,5,S004
22,58,543,4,150,11,S005
22,59,339,6,166,15,S004
22,60,386,7,431,15,S005
22,67,260,2,192,22,S001
22,71,579,3,275,21,S001
22,72,909,6,244,6,S003
22,74,639,6,106,11,S002
22,77,518,2,368,11,S001
22,78,501,6,475,14,S005
22,79,543,6,421,7,S004
22,80,210,6,103,16,S004
22,81,261,3,237,7,S003
22,82,425,2,330,15,S004
22,83,352,6,187,16,S001
22,85,910,6,116,8,S004
22,87,763,3,151,20,S001
22,90,971,2,233,24,S001
22,91,770,4,310,22,S002
22,92,783,3,424,8,S003
22,93,859,2,492,10,S005
22,94,774,6,318,19,S001
22,95,509,2,304,5,S003
22,96,442,2,310,7,S005
22,97,692,7,376,9,S004
22,98,565,2,123,21,S003
22,99,529,4,103,18,S003
23,1,306,2,251,13,S003
23,2,425,4,358,7,S004
23,3,417,6,423,17,S004
23,4,952,4,456,7,S003
23,5,705,6,267,15,S002
23,6,458,6,275,6,S001
23,7,973,4,409,19,S004
23,8,716,3,390,17,S002
23,9,972,5,155,23,S004
23,10,253,2,207,20,S003
23,11,246,7,395,22,S002
23,12,926,5,423,11,S005
23,13,888,2,401,17,S001
23,14,720,2,433,8,S001
23,16,298,6,240,13,S004
23,17,219,2,254,14,S001
23,18,952,7,361,13,S005
23,19,772,2,372,11,S002
23,20,689,4,331,19,S002
23,21,618,5,340,12,S003
23,22,889,4,454,23,S002
23,23,261,7,436,15,S004
23,24,344,2,357,9,S005
23,25,415,7,348,6,S003
23,26,202,6,176,14,S004
23,27,359,4,279,20,S004
23,28,938,4,165,17,S004
23,29,980,3,407,12,S001
23,30,319,2,447,13,S004
23,31,288,6,270,15,S001
23,32,528,4,121,15,S002
23,33,779,4,466,20,S001
23,34,556,6,206,14,S004
23,35,809,7,422,16,S005
23,36,466,7,326,10,S005
23,38,816,2,495,16,S002
23,40,522,3,315,14,S004
23,41,834,4,168,22,S001
23,42,740,3,183,22,S005
23,44,848,7,202,8,S003
23,45,394,7,138,13,S004
23,46,937,5,112,11,S004
23,47,531,2,396,22,S003
23,48,369,5,412,12,S005
23,49,720,5,280,15,S003
23,50,662,5,367,11,S002
23,51,239,2,112,13,S001
23,52,736,2,219,12,S001
23,54,460,6,452,7,S005
23,55,594,3,156,21,S003
23,56,425,3,139,6,S004
23,58,323,6,473,19,S004
23,59,237,6,435,18,S004
23,60,527,7,227,22,S002
23,67,450,5,272,20,S002
23,71,375,6,134,24,S004
23,72,801,4,358,8,S005
23,74,653,3,475,24,S002
23,77,236,6,104,10,S002
23,78,515,4,317,10,S001
23,79,887,4,110,15,S001
23,80,995,4,481,21,S005
23,81,792,7,426,7,S002
23,82,313,7,216,17,S002
23,83,239,4,283,7,S003
23,85,500,7,493,20,S005
23,87,423,5,461,19,S005
23,90,517,4,215,15,S003
23,91,548,5,261,22,S003
23,92,314,5,166,19,S001
23,93,897,4,299,9,S005
23,94,522,3,130,20,S005
23,95,767,4,174,20,S003
23,96,239,4,336,21,S004
23,97,239,7,426,13,S004
23,98,948,4,165,7,S001
23,99,488,3,169,24,S004
24,1,461,7,396,17,S004
24,2,415,2,119,7,S004
24,3,346,2,325,11,S002
24,4,535,5,495,10,S001
24,5,367,5,298,13,S003
24,6,291,3,138,16,S004
24,7,552,6,244,19,S002
24,8,770,2,144,24,S004
24,9,770,5,494,7,S002
24,10,880,2,425,14,S001
24,11,980,3,480,5,S004
24,12,562,3,190,23,S002
24,13,756,6,337,23,S005
24,14,544,6,169,17,S005
24,16,892,7,265,16,S002
24,17,369,3,229,5,S004
24,18,555,5,313,23,S004
24,19,390,2,439,20,S001
24,20,866,4,188,19,S001
24,21,621,6,434,20,S003
24,22,899,4,351,15,S001
24,23,206,5,468,10,S004
24,24,332,6,448,15,S003
24,25,946,4,171,7,S001
24,26,756,5,264,19,S002
24,27,960,2,148,5,S005
24,28,230,5,151,11,S001
24,29,734,7,388,5,S001
24,30,625,6,377,21,S002
24,31,593,3,213,13,S004
24,32,871,2,338,17,S002
24,33,562,4,232,15,S001
24,34,636,6,373,24,S004
24,35,869,3,265,10,S003
24,36,750,5,473,5,S001
24,37,281,3,472,11,S002
24,38,555,6,392,16,S003
24,40,457,6,342,24,S005
24,41,917,7,419,23,S003
24,42,788,7,237,21,S002
24,44,723,3,178,8,S003
24,45,494,5,269,7,S002
24,46,423,3,222,5,S001
24,47,724,6,275,22,S004
24,49,245,6,399,19,S005
24,50,866,4,181,12,S004
24,51,312,7,186,5,S004
24,52,432,4,324,24,S004
24,54,216,2,115,18,S002
24,55,559,6,409,8,S002
24,56,422,4,457,9,S005
24,58,899,3,262,17,S002
24,59,647,7,197,19,S002
24,60,564,7,255,10,S002
24,67,874,5,101,5,S002
24,71,525,3,449,23,S001
24,72,666,5,496,17,S005
24,74,613,4,268,10,S002
24,77,654,2,414,19,S005
24,78,785,3,424,20,S003
24,79,432,3,474,20,S001
24,80,423,3,191,14,S002
24,81,611,5,280,13,S001
24,82,771,4,330,13,S001
24,83,534,3,400,21,S003
24,85,421,3,247,21,S005
24,87,236,7,379,21,S001
24,90,477,2,288,16,S004
24,91,395,7,446,17,S003
24,92,683,7,449,16,S004
24,93,441,2,413,18,S003
24,94,523,4,227,14,S004
24,95,930,7,106,23,S004
24,96,391,4,146,6,S001
24,97,216,7,152,8,S001
24,98,723,6,286,23,S003
24,99,600,2,137,11,S005
25,1,904,7,325,19,S001
25,2,221,6,152,19,S001
25,3,673,5,498,10,S002
25,4,319,6,323,7,S001
25,5,409,3,253,10,S005
25,6,505,7,147,20,S002
25,7,469,6,450,6,S004
25,8,903,4,246,11,S004
25,9,886,5,492,15,S002
25,10,484,7,163,11,S002
25,11,915,3,448,8,S002
25,12,875,6,281,24,S003
25,13,962,5,224,11,S005
25,14,426,7,278,8,S005
25,16,580,5,138,16,S004
25,17,659,3,359,9,S004
25,18,206,6,481,23,S004
25,19,228,5,102,9,S001
25,20,232,5,163,23,S004
25,21,845,2,128,7,S002
25,22,278,5,471,15,S004
25,23,658,2,110,11,S002
25,24,769,6,196,21,S003
25,25,737,7,457,13,S001
25,26,681,7,302,13,S001
25,27,629,6,120,14,S005
25,28,937,6,138,17,S003
25,29,484,4,322,19,S002
25,30,715,6,201,9,S003
25,31,298,5,145,7,S001
25,32,596,7,165,12,S002
25,33,688,3,190,24,S003
25,34,238,7,263,14,S001
25,35,470,2,210,17,S002
25,36,996,7,437,7,S002
25,37,356,4,222,12,S001
25,38,274,6,292,13,S002
25,40,999,6,198,16,S001
25,41,329,7,390,15,S004
25,42,886,3,258,6,S004
25,44,283,3,202,22,S002
25,45,221,4,484,13,S002
25,46,658,2,380,6,S001
25,47,738,7,142,6,S002
25,48,906,6,183,7,S005
25,49,581,7,290,20,S004
25,50,947,4,150,23,S002
25,51,639,5,485,8,S002
25,52,803,5,309,22,S003
25,54,220,4,225,24,S002
25,55,502,6,168,22,S005
25,56,283,4,364,14,S004
25,58,973,6,357,15,S003
25,59,858,3,287,21,S001
25,60,652,4,329,24,S001
25,67,586,6,288,20,S004
25,71,706,4,109,24,S001
25,72,456,4,213,17,S005
25,74,769,6,175,6,S002
25,77,726,6,263,6,S004
25,78,361,2,184,18,S003
25,79,362,4,148,8,S002
25,80,992,5,425,21,S001
25,81,991,4,276,17,S001
25,82,723,4,486,8,S003
25,83,985,6,488,7,S005
25,85,470,4,317,16,S003
25,87,691,7,288,12,S004
25,90,407,4,445,6,S003
25,91,738,7,329,10,S001
25,92,783,5,354,14,S005
25,93,259,6,335,16,S005
25,94,629,4,125,14,S003
25,95,856,7,171,14,S004
25,96,804,7,360,7,S001
25,97,508,7,353,24,S002
25,98,719,3,370,14,S005
26,1,790,2,222,13,S003
26,2,226,5,243,24,S004
26,3,885,4,356,23,S004
26,4,761,3,243,18,S001
26,5,398,4,358,6,S005
26,6,586,4,146,9,S001
26,7,548,6,450,24,S002
26,8,892,6,112,12,S002
26,9,735,6,475,11,S002
26,10,577,3,307,10,S004
26,11,757,4,410,15,S005
26,12,726,2,334,16,S001
26,13,352,5,248,22,S001
26,14,933,6,421,23,S002
26,16,405,6,254,14,S005
26,17,654,4,265,18,S005
26,18,472,4,189,7,S003
26,19,435,3,285,22,S005
26,20,939,3,417,19,S005
26,21,720,6,457,10,S001
26,22,877,4,273,14,S005
26,23,925,2,316,16,S005
26,24,700,5,494,11,S001
26,25,316,4,363,21,S005
26,26,585,4,196,5,S001
26,27,543,7,216,22,S003
26,28,783,3,298,19,S004
26,29,594,5,419,23,S001
26,30,263,6,120,5,S001
26,31,916,4,299,9,S005
26,32,920,6,470,19,S001
26,33,271,4,440,7,S002
26,34,988,6,347,5,S002
26,35,473,5,375,12,S003
26,36,519,3,363,16,S001
26,38,537,5,157,23,S005
26,40,565,7,401,16,S005
26,41,694,2,130,17,S004
26,42,806,3,348,5,S003
26,44,365,5,192,23,S005
26,45,743,7,364,10,S004
26,46,210,2,370,12,S005
26,47,500,7,193,8,S004
26,48,928,4,253,9,S002
26,49,301,4,493,11,S002
26,50,624,6,384,8,S005
26,51,591,3,179,24,S003
26,52,978,4,391,8,S001
26,54,413,7,183,19,S003
26,55,890,3,464,9,S003
26,56,287,4,473,13,S001
26,59,752,6,136,6,S002
26,60,600,5,441,11,S002
26,67,787,6,426,21,S001
26,71,245,2,331,20,S004
26,72,871,4,192,21,S003
26,74,662,2,435,24,S005
26,77,791,2,201,6,S002
26,78,509,7,265,15,S005
26,79,285,3,258,6,S001
26,80,291,7,113,5,S005
26,81,859,4,472,6,S005
26,82,872,2,324,13,S003
26,83,913,5,172,6,S001
26,85,441,2,348,19,S005
26,87,201,5,190,14,S002
26,90,424,7,315,19,S001
26,91,944,7,189,14,S002
26,92,788,3,128,21,S004
26,93,315,2,404,13,S005
26,94,865,6,319,22,S001
26,95,302,7,427,8,S002
26,96,393,7,314,13,S005
26,97,365,3,320,20,S003
26,98,289,5,488,8,S002
26,99,885,3,141,20,S002
27,1,321,2,234,23,S004
27,2,342,4,141,5,S003
27,3,305,4,263,10,S004
27,4,627,5,460,14,S003
27,5,504,7,382,20,S002
27,6,516,5,157,8,S004
27,7,834,7,401,17,S005
27,8,208,7,421,20,S003
27,9,973,4,124,24,S002
27,10,272,5,172,10,S001
27,11,558,3,472,15,S003
27,12,422,7,228,7,S003
27,13,615,6,186,24,S005
27,14,752,6,429,14,S003
27,16,569,3,252,5,S003
27,17,915,6,281,24,S005
27,18,463,2,224,15,S005
27,19,889,7,166,16,S004
27,20,517,3,105,18,S002
27,21,283,5,224,12,S002
27,22,517,7,413,15,S004
27,23,310,3,425,8,S002
27,24,450,4,152,11,S003
27,25,582,5,165,14,S004
27,26,206,4,413,23,S004
27,27,658,7,181,8,S002
27,28,283,5,186,6,S001
27,29,407,6,101,22,S002
27,30,589,3,303,18,S001
27,31,513,7,249,20,S004
27,32,221,2,392,15,S001
27,33,609,5,202,14,S003
27,34,714,5,123,21,S005
27,35,326,7,467,18,S001
27,36,899,7,311,8,S005
27,37,213,4,164,23,S003
27,38,211,6,308,6,S005
27,39,286,4,350,11,S003
27,40,723,4,484,13,S005
27,41,736,6,216,23,S005
27,42,500,2,215,20,S002
27,44,442,4,336,20,S001
27,45,321,4,204,22,S005
27,46,346,5,358,15,S004
27,47,766,6,145,11,S002
27,49,949,3,410,13,S001
27,50,555,2,430,8,S002
27,51,884,2,315,17,S001
27,52,932,6,400,8,S003
27,54,830,7,432,23,S005
27,55,508,7,123,6,S004
27,56,894,5,134,13,S002
27,58,487,5,123,16,S002
27,59,506,6,127,6,S002
27,60,793,5,115,10,S002
27,67,922,2,158,9,S005
27,71,861,2,342,9,S001
27,72,748,3,306,24,S005
27,74,551,7,499,9,S003
27,77,511,6,370,8,S005
27,78,258,4,348,13,S005
27,79,842,7,366,14,S003
27,80,913,4,292,20,S005
27,81,954,3,434,14,S001
27,82,234,3,317,14,S004
27,83,644,5,214,23,S003
27,85,292,3,167,14,S002
27,87,406,3,398,10,S001
27,90,552,4,424,21,S004
27,91,531,5,496,9,S001
27,92,924,3,493,10,S001
27,93,358,7,174,19,S002
27,94,223,3,202,23,S004
27,95,603,5,396,22,S001
27,96,715,6,277,8,S002
27,97,931,5,314,12,S003
27,98,563,4,414,20,S002
27,99,581,6,138,23,S005
28,1,731,7,358,24,S002
28,2,351,2,303,7,S002
28,3,761,5,106,14,S002
28,4,888,4,148,6,S001
28,5,807,7,125,8,S004
28,6,816,6,260,10,S002
28,7,619,7,456,15,S002
28,8,449,5,275,18,S005
28,9,316,3,178,20,S005
28,10,711,5,101,23,S003
28,11,939,2,482,6,S003
28,12,777,5,231,21,S005
28,13,534,6,375,13,S004
28,14,617,6,216,21,S003
28,16,973,5,263,19,S004
28,17,494,6,387,11,S005
28,18,954,3,127,23,S003
28,19,570,7,432,7,S002
28,20,385,5,100,5,S005
28,21,445,3,287,8,S003
28,22,836,7,155,22,S004
28,23,467,7,134,12,S004
28,24,842,3,211,23,S003
28,25,436,4,385,10,S004
28,26,729,5,409,5,S003
28,27,751,7,135,12,S003
28,28,220,7,316,5,S004
28,29,936,6,179,23,S001
28,30,993,7,413,15,S002
28,31,719,3,182,19,S005
28,32,299,7,164,15,S002
28,33,951,4,424,23,S005
28,34,677,5,227,14,S005
28,35,798,5,406,16,S002
28,36,497,7,121,5,S003
28,37,725,2,315,11,S004
28,38,533,2,206,21,S001
28,40,201,3,208,14,S001
28,41,574,2,471,10,S001
28,42,492,3,456,21,S002
28,43,752,6,280,22,S002
28,44,517,3,455,9,S003
28,45,701,2,263,22,S001
28,46,580,7,167,21,S003
28,47,822,6,391,20,S001
28,49,213,2,279,12,S002
28,51,703,3,280,17,S004
28,52,430,4,268,20,S004
28,54,283,5,121,15,S004
28,55,329,2,165,10,S004
28,56,942,3,120,7,S005
28,58,344,6,199,5,S001
28,59,227,2,483,22,S004
28,60,265,2,399,9,S005
28,67,362,5,202,17,S005
28,71,428,3,146,14,S005
28,72,460,4,138,9,S003
28,74,648,6,384,18,S003
28,77,623,3,409,21,S005
28,78,659,6,189,5,S004
28,79,875,2,184,6,S001
28,80,500,5,372,11,S002
28,81,502,5,435,14,S003
28,82,486,7,287,24,S004
28,83,594,4,258,11,S004
28,85,209,5,342,20,S002
28,87,906,2,172,9,S002
28,90,829,4,148,16,S004
28,91,469,3,200,21,S002
28,92,791,5,101,20,S004
28,93,804,4,343,24,S002
28,94,977,2,275,20,S002
28,95,560,7,337,23,S004
28,96,456,6,497,19,S005
28,97,332,6,158,16,S004
28,98,475,2,452,14,S001
28,99,975,2,198,6,S002
29,1,882,6,458,11,S003
29,2,712,7,101,17,S002
29,3,512,4,342,7,S001
29,4,775,6,396,19,S003
29,5,483,2,310,5,S003
29,6,320,5,222,7,S004
29,7,306,3,328,14,S005
29,8,886,7,181,19,S004
29,9,403,7,243,10,S003
29,10,364,5,487,24,S003
29,11,504,5,239,19,S005
29,12,696,2,128,11,S002
29,13,831,6,490,9,S005
29,14,755,4,369,8,S004
29,16,355,7,346,22,S002
29,17,566,7,111,7,S004
29,18,918,5,454,21,S005
29,19,819,6,488,22,S002
29,20,450,7,436,22,S005
29,21,533,4,205,6,S001
29,22,841,5,131,17,S003
29,23,710,4,173,19,S002
29,24,492,6,270,9,S003
29,25,219,7,436,7,S001
29,26,481,3,168,9,S002
29,27,996,7,400,9,S003
29,28,200,6,461,9,S003
29,29,318,7,236,7,S002
29,30,234,7,199,7,S003
29,31,397,2,245,24,S003
29,32,684,7,108,22,S002
29,33,956,7,161,24,S003
29,34,258,4,284,8,S003
29,35,360,3,128,5,S004
29,36,890,4,480,20,S004
29,38,405,4,213,12,S001
29,40,211,5,242,21,S004
29,41,689,2,489,12,S004
29,42,475,4,219,11,S001
29,43,892,6,269,12,S003
29,44,441,6,256,16,S003
29,45,415,7,434,20,S004
29,46,450,5,448,16,S001
29,47,325,2,359,23,S003
29,48,416,2,181,14,S005
29,49,505,7,341,11,S002
29,51,996,6,271,16,S002
29,52,384,3,330,24,S002
29,54,238,5,307,9,S004
29,55,422,7,174,20,S002
29,56,383,5,369,13,S002
29,58,694,6,486,11,S005
29,59,626,6,213,24,S003
29,60,377,3,161,18,S005
29,67,627,3,461,15,S004
29,71,493,2,419,11,S002
29,72,350,5,201,14,S003
29,74,583,5,461,13,S002
29,77,837,6,309,8,S002
29,78,507,2,354,20,S004
29,79,535,7,119,14,S002
29,80,945,5,157,23,S001
29,81,574,2,211,21,S003
29,82,207,2,412,13,S003
29,83,540,6,295,17,S001
29,85,328,2,474,5,S004
29,87,975,3,452,6,S002
29,90,868,3,191,17,S002
29,91,551,4,151,13,S003
29,92,557,6,392,11,S004
29,93,716,7,107,20,S004
29,94,694,4,399,23,S004
29,95,285,3,197,11,S002
29,96,374,4,335,10,S004
29,97,392,6,488,22,S001
29,98,510,6,473,23,S005
29,99,318,2,168,15,S004
30,1,417,5,144,16,S005
30,2,626,2,236,14,S002
30,3,613,6,333,17,S004
30,4,313,3,131,16,S003
30,5,344,7,388,14,S002
30,6,737,3,225,24,S001
30,7,847,2,166,22,S001
30,8,502,7,129,8,S005
30,9,943,6,213,9,S005
30,10,787,3,303,9,S003
30,11,544,6,128,16,S003
30,12,200,7,230,7,S001
30,13,346,7,284,12,S004
30,14,486,3,352,6,S001
30,16,853,6,385,22,S001
30,17,252,4,492,13,S003
30,18,503,6,485,17,S005
30,19,268,7,161,11,S003
30,20,560,6,102,14,S003
30,21,801,2,167,13,S003
30,22,419,4,124,19,S001
30,23,903,5,278,9,S004
30,24,774,2,240,16,S001
30,25,784,5,330,5,S002
30,26,360,3,399,16,S003
30,27,880,5,262,10,S003
30,28,288,6,410,23,S002
30,29,887,5,492,23,S003
30,31,980,7,229,20,S003
30,32,784,2,345,23,S003
30,33,956,2,396,7,S002
30,34,788,5,271,14,S001
30,38,358,2,163,22,S003
30,40,688,7,130,17,S004
30,41,523,2,146,22,S002
30,42,809,5,229,7,S005
30,44,580,4,451,7,S002
30,46,301,4,432,16,S001
30,49,693,3,209,24,S002
30,52,843,2,168,11,S005
30,55,813,5,157,12,S004
30,56,218,2,205,13,S005
30,59,653,6,399,18,S002
30,60,681,7,429,9,S005
30,67,793,2,355,23,S002
30,72,596,2,411,20,S004
30,74,478,4,270,16,S004
30,79,564,7,482,8,S001
30,80,530,5,261,12,S004
30,81,840,2,385,11,S003
30,82,543,4,170,19,S005
30,83,654,3,354,10,S005
30,85,800,7,473,9,S002
30,87,924,4,154,18,S004
30,90,854,4,422,17,S001
30,91,264,4,496,14,S001
30,92,275,2,102,22,S001
30,93,910,2,125,8,S003
30,94,342,3,412,12,S004
30,95,804,6,225,15,S001
30,96,672,6,152,21,S003
30,97,616,6,297,22,S005
30,98,504,7,398,15,S002
30,99,935,7,287,20,S004
31,1,696,3,285,16,S004
31,2,490,7,404,17,S005
31,3,301,6,397,20,S004
31,4,466,6,303,5,S004
31,5,821,4,110,20,S004
31,6,976,7,458,19,S004
31,7,202,2,453,10,S003
31,8,284,2,245,16,S003
31,9,993,4,184,12,S002
31,10,527,4,199,11,S004
31,11,649,4,203,6,S005
31,12,653,2,145,16,S001
31,13,828,6,143,18,S002
31,14,420,4,377,20,S001
31,16,353,3,280,15,S001
31,17,864,4,286,24,S004
31,18,211,5,213,13,S005
31,19,332,4,354,14,S001
31,20,503,2,480,21,S001
31,21,492,7,479,16,S002
31,22,499,4,129,10,S005
31,23,939,7,363,23,S005
31,24,982,5,197,15,S001
31,25,242,3,412,13,S005
31,26,542,7,466,10,S002
31,27,525,6,428,20,S002
31,28,697,4,214,24,S002
31,29,563,5,375,20,S004
31,30,626,5,380,10,S001
31,31,220,7,374,9,S005
31,32,606,3,360,8,S002
31,33,818,2,430,6,S001
31,34,535,4,306,10,S001
31,35,316,5,483,13,S004
31,36,323,3,427,21,S005
31,37,598,6,310,18,S005
31,38,992,5,314,11,S002
31,40,914,3,139,23,S002
31,41,250,2,125,5,S001
31,42,982,2,126,24,S005
31,44,523,5,289,19,S005
31,45,988,5,182,22,S002
31,46,340,7,483,7,S003
31,47,669,4,269,22,S001
31,49,986,3,266,6,S005
31,51,533,5,287,14,S004
31,52,572,4,268,15,S004
31,54,763,7,388,7,S003
31,55,693,4,328,11,S002
31,56,738,5,196,12,S002
31,58,868,2,466,23,S002
31,59,950,3,115,22,S004
31,60,355,3,378,17,S002
31,67,490,2,234,17,S004
31,71,847,5,125,23,S003
31,72,343,3,451,16,S001
31,74,305,5,111,21,S005
31,77,619,7,171,16,S003
31,78,869,5,232,17,S004
31,79,857,4,205,16,S003
31,80,201,2,319,23,S005
31,81,788,5,472,18,S001
31,82,843,7,276,11,S005
31,83,289,6,381,17,S004
31,85,544,2,232,10,S005
31,87,549,3,121,23,S003
31,90,658,4,368,23,S002
31,91,462,3,260,8,S003
31,92,550,7,206,23,S004
31,93,307,7,378,13,S001
31,94,785,3,452,20,S005
31,95,238,2,334,8,S001
31,96,358,3,117,10,S004
31,97,782,5,341,12,S005
31,98,511,3,216,20,S003
31,99,440,4,385,9,S003
32,1,644,4,381,14,S004
32,2,497,6,243,17,S005
32,3,235,4,304,18,S003
32,4,283,3,138,11,S004
32,5,651,4,253,24,S004
32,6,974,2,275,10,S001
32,7,584,4,340,11,S003
32,8,371,5,485,9,S005
32,9,575,2,468,22,S003
32,10,884,6,233,16,S003
32,11,561,5,145,10,S003
32,12,758,3,149,5,S004
32,13,340,3,265,8,S002
32,14,317,3,205,23,S002
32,16,476,5,315,16,S001
32,17,925,5,245,19,S003
32,18,419,5,171,7,S002
32,19,225,2,429,24,S001
32,20,720,7,372,12,S004
32,21,982,2,346,15,S003
32,22,209,3,285,20,S005
32,23,577,7,169,13,S004
32,24,832,4,249,7,S001
32,25,836,3,345,9,S004
32,26,881,6,361,24,S005
32,27,783,2,125,18,S004
32,28,351,5,239,19,S001
32,29,919,2,198,10,S005
32,30,248,5,497,8,S005
32,31,353,7,377,12,S004
32,32,492,6,150,23,S005
32,33,779,7,250,9,S004
32,34,249,6,203,17,S003
32,35,863,2,188,20,S005
32,36,730,5,240,5,S004
32,37,811,7,312,17,S003
32,38,259,6,332,15,S005
32,40,366,3,493,12,S003
32,41,401,3,282,12,S005
32,42,345,7,350,18,S001
32,44,875,5,108,17,S001
32,45,638,7,178,7,S004
32,46,441,2,151,8,S002
32,47,780,6,485,24,S001
32,48,886,2,368,19,S002
32,49,760,3,325,19,S003
32,51,682,6,150,17,S003
32,52,307,7,285,13,S002
32,54,425,2,133,14,S004
32,55,872,4,390,16,S005
32,56,830,5,329,18,S002
32,58,860,5,230,5,S002
32,59,861,4,219,18,S002
32,60,631,3,425,18,S002
32,67,854,6,346,12,S002
32,71,618,5,291,20,S004
32,72,654,4,422,18,S001
32,74,359,7,309,5,S005
32,77,722,4,202,20,S001
32,78,849,3,428,22,S002
32,79,789,3,471,11,S001
32,80,276,2,232,19,S004
32,81,708,5,422,21,S003
32,82,640,2,238,23,S001
32,83,453,4,220,17,S005
32,85,969,6,193,13,S004
32,87,519,6,228,19,S003
32,90,462,3,190,7,S004
32,91,796,6,191,5,S002
32,92,857,6,162,20,S003
32,93,753,6,128,12,S005
32,94,573,4,309,17,S003
32,95,836,6,111,12,S005
32,96,366,7,432,21,S002
32,97,952,6,396,18,S005
32,98,658,6,229,11,S004
32,99,479,2,392,19,S001
33,1,899,4,272,20,S004
33,2,501,3,307,23,S004
33,3,730,2,123,10,S003
33,4,779,5,198,5,S002
33,5,417,4,455,16,S001
33,6,301,7,238,22,S005
33,7,753,4,413,20,S003
33,8,487,5,273,16,S002
33,9,366,5,128,24,S001
33,10,820,5,242,17,S004
33,11,235,3,415,12,S002
33,12,943,6,450,5,S002
33,13,940,4,141,11,S002
33,14,552,6,398,19,S004
33,16,875,6,307,17,S005
33,17,272,7,429,17,S003
33,18,847,5,291,13,S005
33,20,552,3,259,19,S001
33,21,269,7,163,8,S003
33,22,624,2,342,17,S001
33,23,907,3,357,16,S004
33,24,980,6,251,9,S005
33,25,760,3,314,11,S002
33,26,841,5,421,12,S003
33,27,716,2,265,9,S002
33,31,627,5,130,13,S001
33,32,738,2,470,18,S002
33,33,359,7,331,16,S002
33,34,348,6,381,8,S004
33,35,975,2,128,24,S004
33,36,429,2,294,12,S005
33,38,911,2,433,21,S001
33,40,761,3,355,12,S004
33,41,266,7,380,5,S004
33,42,580,3,403,24,S005
33,44,257,6,420,6,S003
33,46,458,2,422,8,S005
33,49,541,7,445,5,S002
33,52,329,7,492,11,S002
33,55,926,4,393,5,S004
33,56,371,6,186,13,S004
33,59,969,7,248,7,S005
33,60,813,2,348,16,S005
33,67,408,2,420,23,S001
33,71,553,7,382,19,S002
33,72,670,3,461,20,S005
33,74,997,6,478,14,S003
33,79,315,2,297,10,S001
33,80,463,7,143,21,S005
33,81,861,2,455,21,S004
33,82,641,7,127,23,S005
33,83,747,6,116,22,S004
33,87,652,7,226,15,S004
33,90,676,4,478,11,S002
33,91,486,7,267,14,S002
33,92,502,7,343,11,S005
33,93,510,6,486,9,S005
33,94,407,7,175,16,S003
33,95,817,6,330,20,S001
33,96,645,4,303,22,S001
33,97,869,6,347,7,S005
33,98,832,2,401,24,S002
33,99,254,6,313,19,S003
34,1,211,4,314,9,S001
34,2,856,5,257,17,S005
34,3,599,7,168,23,S002
34,4,847,6,492,16,S002
34,5,714,7,184,9,S002
34,6,855,3,366,10,S004
34,7,741,2,168,11,S002
34,8,436,2,198,14,S005
34,9,478,3,446,20,S003
34,10,547,3,315,12,S005
34,11,826,6,260,13,S002
34,12,303,3,193,8,S003
34,13,829,5,273,12,S001
34,14,716,7,264,11,S001
34,16,447,7,214,19,S005
34,17,563,4,319,7,S003
34,18,520,3,130,21,S005
34,19,832,3,110,15,S003
34,20,485,5,442,13,S003
34,21,348,2,476,9,S005
34,22,283,2,229,14,S003
34,23,605,7,204,19,S002
34,24,655,7,126,18,S003
34,25,942,6,326,8,S003
34,26,999,5,101,24,S005
34,27,360,4,458,6,S001
34,28,983,4,200,16,S004
34,29,659,5,120,5,S003
34,30,749,4,157,24,S004
34,31,699,2,488,9,S003
34,32,937,4,279,10,S005
34,33,708,4,440,15,S005
34,34,853,5,448,12,S003
34,35,680,5,119,11,S005
34,36,862,4,354,8,S005
34,37,313,3,416,10,S003
34,38,948,5,137,20,S001
34,40,777,6,247,24,S003
34,41,560,6,124,19,S001
34,42,540,2,485,18,S005
34,44,969,4,220,16,S001
34,45,960,3,125,16,S005
34,46,648,2,268,20,S001
34,47,379,4,422,19,S001
34,48,901,5,324,17,S003
34,49,606,6,100,15,S001
34,51,865,7,406,21,S005
34,52,395,3,360,19,S003
34,54,665,7,112,18,S001
34,55,510,6,495,14,S003
34,56,461,7,147,16,S004
34,58,618,5,412,20,S003
34,59,605,4,470,19,S004
34,60,342,5,390,14,S004
34,65,541,7,431,8,S003
34,67,515,5,193,13,S005
34,71,300,6,360,24,S005
34,72,443,3,377,13,S005
34,74,689,5,458,24,S002
34,77,211,6,304,15,S004
34,78,438,3,284,15,S003
34,79,760,4,274,11,S005
34,80,241,7,486,14,S005
34,81,877,4,479,8,S003
34,82,793,2,408,9,S004
34,83,628,6,168,9,S003
34,85,357,3,203,15,S002
34,87,415,5,345,13,S002
34,90,869,4,260,20,S003
34,91,661,3,299,13,S004
34,92,333,6,315,8,S005
34,93,266,2,311,6,S002
34,94,206,4,115,18,S002
34,95,725,7,471,7,S004
34,96,272,3,431,22,S002
34,97,598,7,304,10,S002
34,98,604,3,464,15,S004
34,99,874,3,138,22,S003
35,1,777,6,188,16,S005
35,2,329,6,355,9,S005
35,3,665,6,353,13,S002
35,4,405,5,315,24,S005
35,5,987,3,467,22,S003
35,6,967,4,402,23,S002
35,7,465,7,271,7,S005
35,8,736,6,236,13,S001
35,9,992,6,483,8,S001
35,10,452,7,277,21,S001
35,11,488,7,176,21,S001
35,12,363,3,287,6,S001
35,13,294,6,114,13,S002
35,14,981,7,391,13,S004
35,16,309,5,418,9,S004
35,17,535,5,424,19,S002
35,18,437,6,313,19,S002
35,19,580,7,307,7,S003
35,20,635,3,268,23,S004
35,21,682,3,429,7,S001
35,22,224,3,379,10,S002
35,23,852,2,404,8,S001
35,24,316,6,245,17,S004
35,25,681,3,362,17,S005
35,26,591,5,103,15,S005
35,27,736,7,189,9,S002
35,28,278,4,159,5,S003
35,29,779,4,410,13,S001
35,30,372,3,115,21,S002
35,31,211,4,326,5,S003
35,32,999,4,128,7,S001
35,33,327,2,250,19,S004
35,34,807,5,344,14,S005
35,35,291,5,369,12,S003
35,36,852,2,178,16,S001
35,38,742,2,388,19,S002
35,40,731,4,252,13,S001
35,41,857,6,376,14,S002
35,42,646,7,378,24,S005
35,44,589,7,156,13,S005
35,45,871,4,285,19,S001
35,46,242,7,497,5,S001
35,47,453,2,192,6,S002
35,49,329,5,375,23,S002
35,51,259,7,257,18,S003
35,52,862,4,374,12,S003
35,54,666,6,280,10,S003
35,55,486,4,458,16,S001
35,56,716,3,176,19,S003
35,58,666,4,250,18,S001
35,59,977,2,337,5,S005
35,60,544,5,388,15,S004
35,67,841,5,330,7,S005
35,71,581,7,117,23,S001
35,72,978,2,172,22,S001
35,74,889,3,288,24,S004
35,77,452,2,116,6,S002
35,78,255,4,118,11,S002
35,79,662,2,318,12,S002
35,80,656,2,425,23,S003
35,81,282,3,219,19,S002
35,82,298,4,200,14,S003
35,83,348,6,133,5,S003
35,85,528,6,183,10,S002
35,87,355,5,295,17,S002
35,90,389,7,429,18,S004
35,91,693,2,301,7,S004
35,92,462,5,443,15,S003
35,93,279,3,440,7,S004
35,94,599,6,110,23,S003
35,95,963,2,446,14,S001
35,96,808,3,499,19,S003
35,97,459,7,317,15,S003
35,98,971,3,352,19,S004
36,1,814,2,321,17,S001
36,2,751,7,482,9,S005
36,3,984,3,468,8,S005
36,4,300,7,179,17,S005
36,5,558,2,106,13,S001
36,6,579,2,371,21,S002
36,7,420,7,326,6,S001
36,8,619,4,115,9,S004
36,9,323,5,111,20,S003
36,10,621,3,390,11,S003
36,11,430,3,340,5,S004
36,12,889,4,120,16,S004
36,13,262,4,277,15,S003
36,14,684,4,327,16,S002
36,16,827,6,372,23,S002
36,17,902,6,387,16,S002
36,18,773,7,396,16,S004
36,20,967,6,233,18,S003
36,21,682,2,382,6,S003
36,22,718,7,252,6,S003
36,23,354,3,165,8,S001
36,24,291,5,236,24,S001
36,25,725,2,191,20,S005
36,26,654,3,416,14,S001
36,29,940,3,358,17,S002
36,31,797,7,202,6,S002
36,32,844,4,154,7,S002
36,33,709,4,356,23,S002
36,34,382,2,200,10,S005
36,36,585,4,297,23,S002
36,38,773,3,400,24,S004
36,40,930,4,325,23,S004
36,41,604,6,336,12,S004
36,42,445,4,125,18,S001
36,44,941,3,220,14,S003
36,46,790,7,497,7,S005
36,49,860,2,281,10,S004
36,52,849,5,298,19,S004
36,55,670,4,401,22,S002
36,56,622,3,354,18,S004
36,59,264,5,221,23,S002
36,60,212,5,130,14,S002
36,67,412,6,414,19,S003
36,71,441,5,384,8,S001
36,72,692,7,205,6,S002
36,74,412,3,323,7,S002
36,79,892,3,372,11,S003
36,80,537,4,497,20,S002
36,81,372,4,331,14,S005
36,82,871,4,355,23,S001
36,83,363,7,123,21,S005
36,85,664,5,208,23,S004
36,87,696,5,290,9,S001
36,90,899,6,446,24,S004
36,91,594,7,124,17,S002
36,92,902,4,286,17,S003
36,93,507,2,387,15,S005
36,94,967,6,215,15,S004
36,95,382,2,437,20,S002
36,96,828,5,465,19,S005
36,97,993,6,136,21,S005
36,98,709,6,381,22,S004
36,99,907,3,236,23,S002
37,1,745,5,326,8,S003
37,2,763,5,419,9,S004
37,3,823,7,427,11,S005
37,4,963,6,281,6,S005
37,5,793,5,461,5,S001
37,6,943,6,185,16,S002
37,7,426,7,152,14,S001
37,8,944,7,447,12,S003
37,9,932,3,454,5,S004
37,10,635,6,334,16,S005
37,11,621,5,366,6,S002
37,12,753,5,386,14,S005
37,13,220,6,199,21,S001
37,14,753,6,186,7,S001
37,16,596,6,495,11,S004
37,17,824,4,114,16,S002
37,18,304,5,200,12,S002
37,20,391,7,264,24,S004
37,21,216,5,128,16,S001
37,22,319,4,213,7,S001
37,23,592,6,206,21,S001
37,24,624,3,463,13,S005
37,25,328,6,229,14,S003
37,26,329,6,183,10,S001
37,27,771,4,370,5,S003
37,28,759,5,343,16,S003
37,31,228,6,487,9,S002
37,32,296,5,313,17,S004
37,33,209,2,405,19,S005
37,38,441,7,265,15,S003
37,40,431,5,378,12,S005
37,41,988,3,158,9,S002
37,42,483,7,189,6,S001
37,44,914,3,470,16,S003
37,46,958,6,430,6,S004
37,49,975,7,293,20,S002
37,52,925,5,222,7,S005
37,55,399,7,235,14,S001
37,56,278,6,238,23,S005
37,59,372,4,328,12,S004
37,60,666,3,373,11,S003
37,67,780,6,149,5,S004
37,71,615,4,497,16,S005
37,72,648,7,217,9,S005
37,74,286,7,301,20,S004
37,79,300,6,492,8,S004
37,80,207,5,494,21,S004
37,81,399,7,290,6,S001
37,82,704,5,463,16,S005
37,83,286,5,422,5,S002
37,85,242,5,280,16,S001
37,87,584,2,177,16,S001
37,90,820,4,174,16,S001
37,91,634,4,394,23,S002
37,92,607,7,380,21,S004
37,93,682,7,120,24,S005
37,94,863,5,493,15,S003
37,95,216,2,270,17,S003
37,96,844,5,114,12,S005
37,97,347,2,310,14,S002
37,98,476,5,147,12,S003
37,99,431,3,185,24,S001
38,1,565,3,248,12,S003
38,2,427,6,287,13,S005
38,3,850,5,471,11,S001
38,4,635,7,405,18,S003
38,5,598,4,250,6,S005
38,6,410,6,240,15,S002
38,7,590,7,168,12,S005
38,8,698,3,359,17,S002
38,9,739,5,433,19,S001
38,10,762,6,108,7,S005
38,11,690,5,220,18,S004
38,12,641,3,470,19,S004
38,13,460,6,200,6,S004
38,14,972,3,248,23,S004
38,16,549,2,245,16,S004
38,17,551,3,452,24,S002
38,18,719,5,342,8,S005
38,20,519,4,340,7,S001
38,21,337,3,436,9,S004
38,22,749,7,142,7,S004
38,23,822,4,194,19,S001
38,24,567,2,325,23,S001
38,25,419,6,105,6,S004
38,26,536,6,313,16,S002
38,27,422,4,305,9,S001
38,28,847,6,166,21,S005
38,29,967,3,495,18,S005
38,31,559,4,199,14,S002
38,32,528,5,111,7,S003
38,33,662,3,336,8,S002
38,34,760,3,421,10,S004
38,35,581,3,357,20,S003
38,38,789,5,498,11,S004
38,40,816,2,436,19,S005
38,42,368,7,234,24,S001
38,44,416,6,321,15,S004
38,46,577,4,255,5,S005
38,49,318,2,241,9,S002
38,52,389,4,257,17,S004
38,55,966,6,425,18,S005
38,56,569,5,470,13,S001
38,59,977,3,443,21,S004
38,60,348,3,361,19,S005
38,67,875,5,382,11,S004
38,72,851,2,437,16,S001
38,74,687,2,443,10,S004
38,79,969,4,328,20,S004
38,80,573,5,475,9,S005
38,81,980,2,379,13,S003
38,82,892,5,457,18,S004
38,83,359,6,389,12,S003
38,85,550,3,267,18,S002
38,87,487,3,146,16,S004
38,90,487,3,302,14,S003
38,91,425,5,313,24,S002
38,92,722,5,345,24,S005
38,93,721,4,123,17,S004
38,94,982,3,420,23,S005
38,95,472,4,373,19,S002
38,96,601,3,143,12,S005
38,97,382,4,431,14,S005
38,98,864,4,412,7,S001
38,99,687,6,462,7,S002
39,1,323,4,255,9,S005
39,2,825,5,479,20,S003
39,3,989,4,298,21,S002
39,4,613,3,261,10,S001
39,5,924,4,494,24,S004
39,6,371,2,333,24,S005
39,7,487,7,262,20,S003
39,8,634,3,215,6,S001
39,9,885,2,192,24,S002
39,10,312,3,141,19,S005
39,11,321,5,383,22,S001
39,12,743,7,478,5,S001
39,13,421,7,309,23,S003
39,14,830,5,305,16,S004
39,16,238,7,319,12,S004
39,17,696,5,379,10,S004
39,18,979,2,235,16,S002
39,19,432,6,205,11,S001
39,20,729,3,217,22,S002
39,21,348,5,336,18,S001
39,22,596,3,408,12,S003
39,23,860,2,487,24,S003
39,24,837,6,199,18,S002
39,25,501,2,360,9,S002
39,26,559,7,404,13,S003
39,27,437,3,453,12,S005
39,28,846,6,385,6,S004
39,29,862,7,427,20,S004
39,30,435,6,202,17,S003
39,31,935,7,162,11,S004
39,32,402,2,274,20,S005
39,33,455,5,381,11,S005
39,34,797,3,392,18,S001
39,35,861,4,325,18,S002
39,36,434,4,106,16,S004
39,38,544,2,226,5,S005
39,40,733,3,191,5,S002
39,41,996,3,289,16,S002
39,42,980,2,458,24,S001
39,44,665,3,152,19,S002
39,45,969,5,341,8,S002
39,46,740,2,231,11,S003
39,47,412,5,463,20,S001
39,49,662,3,211,7,S001
39,51,635,2,106,11,S004
39,52,482,3,329,10,S002
39,54,761,2,255,20,S004
39,55,806,3,296,12,S005
39,56,662,5,422,10,S002
39,58,606,5,463,14,S005
39,59,287,3,322,20,S003
39,60,243,2,466,15,S002
39,67,660,4,349,17,S004
39,71,477,5,182,10,S004
39,72,882,5,339,5,S002
39,74,620,7,479,23,S004
39,77,900,4,494,16,S002
39,78,552,3,459,10,S001
39,79,895,2,422,22,S004
39,80,714,7,362,17,S002
39,81,902,3,288,11,S002
39,82,829,6,465,17,S004
39,83,218,5,389,12,S001
39,85,222,6,461,21,S004
39,87,612,5,157,13,S002
39,90,229,5,108,24,S001
39,91,307,6,403,17,S005
39,92,566,6,214,6,S003
39,93,480,3,309,8,S004
39,94,327,7,140,6,S002
39,95,428,7,403,8,S001
39,96,310,6,272,22,S001
39,97,335,3,333,9,S005
39,98,561,7,380,23,S004
39,99,385,3,471,14,S001
40,1,855,3,177,22,S005
40,2,783,5,207,14,S002
40,3,328,7,380,9,S005
40,4,460,7,138,21,S004
40,5,714,5,218,17,S005
40,6,648,6,434,21,S001
40,7,303,5,435,13,S001
40,8,682,7,126,16,S003
40,9,423,7,203,18,S005
40,10,690,6,173,18,S002
40,11,672,5,290,12,S004
40,12,209,2,423,9,S003
40,13,604,2,246,23,S005
40,14,501,6,354,18,S002
40,16,430,5,383,13,S003
40,17,930,5,312,11,S001
40,18,265,3,222,12,S004
40,19,311,7,305,18,S005
40,20,212,4,339,18,S002
40,21,592,6,493,15,S001
40,22,699,4,438,18,S003
40,23,797,4,385,12,S004
40,24,433,6,121,7,S003
40,25,801,5,358,22,S003
40,26,513,6,456,7,S002
40,27,765,4,204,17,S001
40,28,211,7,357,16,S005
40,29,408,7,303,19,S002
40,30,213,7,409,22,S004
40,31,832,5,361,9,S003
40,32,617,2,206,11,S004
40,33,636,6,350,15,S002
40,34,576,7,320,15,S002
40,35,219,6,478,19,S005
40,36,786,7,321,14,S003
40,37,954,5,357,19,S002
40,38,934,2,300,17,S004
40,40,269,2,466,18,S005
40,41,410,7,357,21,S004
40,42,300,5,448,17,S003
40,44,897,3,324,14,S005
40,45,331,6,301,5,S005
40,46,822,6,325,5,S005
40,47,580,4,335,19,S001
40,48,331,5,282,20,S005
40,49,219,4,299,16,S004
40,51,735,7,456,10,S004
40,52,426,4,345,10,S003
40,54,353,2,452,16,S002
40,55,941,6,210,19,S002
40,56,668,4,105,8,S001
40,58,604,2,335,8,S005
40,59,401,5,226,6,S001
40,60,237,4,203,16,S003
40,67,971,7,336,11,S003
40,71,387,7,254,24,S002
40,72,256,7,356,13,S003
40,74,219,6,334,13,S005
40,77,472,4,388,12,S004
40,78,318,5,139,18,S003
40,79,782,4,387,5,S001
40,80,715,6,296,16,S005
40,81,420,2,372,6,S003
40,82,725,6,481,17,S003
40,83,714,7,363,8,S005
40,85,927,2,156,24,S003
40,87,940,7,397,22,S004
40,90,535,3,197,23,S002
40,91,897,6,236,20,S005
40,92,254,6,475,18,S001
40,93,699,5,186,12,S003
40,94,965,4,341,16,S002
40,95,735,2,298,13,S001
40,96,361,2,409,10,S001
40,97,869,5,183,22,S004
40,98,793,5,341,6,S002
40,99,358,4,380,12,S005
41,1,387,7,422,18,S002
41,2,259,4,351,10,S002
41,3,518,6,289,14,S001
41,4,410,7,251,12,S004
41,5,605,3,401,21,S004
41,6,863,4,377,16,S002
41,7,308,5,238,21,S002
41,8,275,7,275,17,S003
41,9,741,4,107,23,S001
41,10,513,2,394,16,S005
41,11,316,3,334,20,S005
41,12,903,6,262,9,S004
41,13,218,2,148,20,S001
41,14,631,2,401,10,S004
41,16,884,3,137,15,S005
41,17,939,6,235,21,S002
41,18,549,5,409,18,S001
41,19,382,7,318,10,S001
41,20,312,6,447,15,S003
41,21,382,4,395,16,S002
41,22,680,2,133,17,S002
41,23,345,4,451,8,S004
41,24,827,5,178,11,S001
41,25,312,4,335,6,S004
41,26,962,6,482,10,S002
41,27,675,4,372,10,S003
41,28,962,5,260,22,S001
41,29,502,5,274,24,S002
41,30,317,5,465,12,S003
41,31,360,6,407,12,S005
41,32,600,5,473,12,S002
41,33,397,2,320,12,S005
41,34,459,5,108,5,S004
41,35,859,4,388,6,S005
41,36,951,7,212,16,S002
41,37,246,4,304,19,S005
41,38,598,7,285,8,S001
41,40,909,4,440,7,S002
41,41,758,6,296,18,S003
41,42,277,4,365,12,S005
41,44,323,6,361,17,S001
41,45,274,6,347,23,S004
41,46,336,5,214,9,S004
41,47,801,2,220,17,S005
41,48,599,7,240,24,S004
41,49,704,5,164,5,S003
41,51,699,5,375,20,S002
41,52,772,6,412,6,S001
41,54,337,6,338,11,S005
41,55,249,7,401,10,S004
41,56,970,4,491,9,S002
41,58,818,4,109,8,S003
41,59,824,5,468,6,S004
41,60,453,3,332,14,S004
41,67,829,3,294,9,S001
41,71,909,4,494,22,S003
41,72,762,3,111,14,S003
41,74,956,4,493,19,S005
41,77,625,6,276,13,S001
41,78,746,5,276,15,S005
41,79,501,2,316,21,S001
41,80,780,5,110,13,S003
41,81,548,4,217,20,S001
41,82,248,4,263,10,S001
41,83,273,5,138,15,S001
41,85,903,7,152,21,S002
41,87,460,4,317,8,S002
41,90,555,3,305,19,S003
41,91,781,3,411,5,S001
41,92,801,4,459,24,S003
41,93,459,4,484,5,S002
41,94,837,7,155,13,S001
41,95,942,3,217,16,S005
41,96,494,4,487,8,S002
41,97,840,4,352,17,S002
41,98,991,7,385,11,S002
41,99,512,7,367,12,S001
42,1,811,5,390,17,S004
42,2,381,7,432,15,S005
42,3,885,2,279,13,S005
42,4,563,3,457,20,S003
42,5,387,5,334,14,S001
42,6,768,2,442,15,S002
42,7,742,4,295,16,S004
42,8,795,4,407,18,S001
42,9,863,5,179,23,S001
42,10,747,7,234,16,S004
42,11,924,4,121,22,S002
42,12,607,6,430,21,S001
42,13,817,5,324,7,S005
42,14,613,2,157,5,S005
42,16,541,5,192,23,S004
42,17,419,3,291,8,S002
42,18,362,7,202,20,S004
42,20,419,7,495,16,S001
42,21,469,5,106,17,S005
42,22,831,4,227,21,S003
42,23,599,4,154,12,S004
42,24,381,6,330,17,S003
42,25,817,6,461,24,S003
42,26,928,7,161,9,S005
42,27,404,6,339,22,S004
42,28,781,2,189,19,S003
42,31,755,6,331,16,S001
42,32,427,2,332,21,S002
42,33,895,6,453,19,S002
42,34,818,7,432,6,S005
42,38,795,7,474,10,S004
42,40,449,2,391,21,S004
42,41,640,5,444,20,S002
42,42,732,7,251,21,S001
42,44,395,5,244,24,S002
42,46,889,4,229,13,S002
42,49,718,2,240,9,S004
42,52,269,7,192,5,S003
42,55,838,3,213,10,S001
42,56,598,4,383,18,S004
42,59,871,5,242,21,S002
42,60,959,7,322,23,S003
42,67,402,2,331,5,S001
42,71,347,6,132,5,S005
42,72,671,3,375,17,S001
42,74,854,5,269,18,S001
42,79,398,4,239,10,S002
42,80,625,2,456,10,S002
42,81,865,3,300,5,S005
42,82,691,2,122,18,S005
42,83,341,7,323,7,S005
42,85,512,6,467,14,S004
42,87,364,4,369,23,S004
42,90,513,2,446,23,S002
42,91,220,5,252,23,S002
42,92,281,7,432,8,S005
42,93,780,7,184,24,S004
42,94,330,4,208,23,S003
42,95,798,7,130,14,S004
42,96,929,5,328,6,S002
42,97,504,2,339,8,S004
42,98,570,4,477,10,S002
43,1,583,7,462,11,S005
43,2,644,7,409,20,S005
43,3,624,5,488,11,S005
43,4,360,6,240,22,S003
43,5,377,6,255,24,S003
43,6,828,7,398,23,S002
43,7,907,2,444,13,S001
43,8,689,4,470,24,S003
43,9,526,7,198,14,S002
43,10,797,3,146,17,S004
43,11,488,4,426,22,S005
43,12,792,6,166,20,S005
43,13,863,7,161,21,S005
43,14,772,5,208,17,S002
43,16,772,3,266,16,S005
43,17,553,7,136,14,S003
43,18,227,2,218,5,S004
43,20,242,3,185,12,S005
43,21,880,7,481,22,S002
43,22,622,2,491,6,S004
43,23,797,3,151,20,S005
43,24,376,2,190,16,S001
43,25,728,2,388,13,S005
43,26,809,3,436,7,S003
43,27,693,3,397,8,S004
43,28,397,2,303,6,S003
43,31,809,6,467,12,S001
43,32,776,3,337,14,S001
43,33,716,7,481,20,S003
43,38,713,4,254,15,S004
43,40,221,5,339,22,S001
43,42,311,2,235,18,S001
43,44,256,2,461,12,S005
43,46,265,5,480,19,S002
43,49,297,6,468,21,S001
43,52,343,5,163,22,S004
43,55,634,3,222,10,S004
43,56,836,5,353,18,S005
43,59,878,2,213,7,S004
43,60,285,5,119,11,S005
43,67,787,4,115,19,S001
43,71,543,7,244,20,S001
43,72,493,3,307,20,S001
43,74,770,5,118,12,S001
43,79,849,2,475,11,S002
43,80,810,7,491,10,S002
43,81,903,3,265,6,S001
43,82,442,2,137,17,S004
43,83,760,6,280,16,S005
43,85,231,4,448,19,S003
43,87,590,6,204,13,S005
43,90,476,4,199,6,S003
43,91,731,5,189,21,S003
43,92,353,3,399,9,S001
43,93,582,5,431,15,S003
43,94,267,4,178,23,S001
43,95,413,4,172,11,S002
43,96,854,4,275,6,S004
43,97,575,7,495,20,S003
43,98,943,2,195,16,S004
43,99,412,3,444,19,S001
44,1,278,5,202,5,S003
44,2,925,5,323,17,S005
44,3,827,6,105,10,S002
44,4,803,4,221,17,S002
44,5,981,4,335,22,S003
44,6,580,4,215,7,S002
44,7,879,5,262,5,S005
44,8,257,6,325,19,S004
44,9,995,2,329,17,S005
44,10,225,7,281,9,S002
44,11,646,3,348,17,S004
44,12,265,2,417,9,S005
44,13,959,5,309,23,S001
44,14,453,7,243,22,S001
44,16,243,7,491,14,S004
44,17,296,7,444,12,S004
44,18,753,4,195,19,S004
44,20,426,3,481,24,S001
44,21,973,5,445,8,S005
44,22,878,5,343,6,S004
44,23,635,7,185,10,S001
44,24,990,5,493,7,S004
44,25,800,3,283,11,S004
44,26,578,3,220,14,S004
44,27,377,6,431,10,S001
44,28,626,6,191,20,S005
44,31,908,2,169,6,S001
44,32,506,3,232,21,S001
44,33,978,3,378,17,S004
44,34,703,3,236,5,S003
44,38,467,6,413,10,S003
44,40,785,7,286,9,S003
44,42,207,7,320,17,S001
44,44,707,5,145,22,S004
44,46,675,7,377,16,S003
44,49,496,4,291,11,S002
44,52,363,6,107,19,S002
44,55,684,3,478,7,S002
44,56,796,7,375,20,S005
44,59,271,6,278,5,S004
44,60,766,7,433,20,S001
44,67,758,2,138,16,S001
44,71,437,3,392,23,S004
44,72,303,2,277,12,S005
44,74,409,3,261,16,S004
44,79,753,6,430,19,S005
44,80,667,5,473,6,S003
44,81,653,7,203,21,S003
44,82,467,7,260,11,S005
44,83,585,4,386,17,S004
44,85,974,2,222,5,S003
44,87,586,7,153,10,S004
44,90,458,6,133,17,S003
44,91,482,5,341,15,S004
44,92,825,6,477,14,S004
44,93,239,2,212,20,S002
44,94,685,4,417,24,S005
44,95,419,7,122,21,S001
44,96,328,6,145,21,S005
44,97,719,3,411,8,S004
44,98,812,5,234,9,S004
44,99,887,6,217,18,S005
45,1,818,5,288,24,S004
45,2,812,7,230,14,S003
45,3,459,3,311,18,S004
45,4,565,4,212,5,S005
45,5,957,4,143,15,S005
45,6,986,3,227,22,S005
45,7,743,5,463,20,S002
45,8,848,7,257,22,S002
45,9,723,6,372,12,S002
45,10,215,3,414,14,S002
45,11,328,2,493,14,S002
45,12,774,5,454,9,S002
45,13,308,4,439,14,S002
45,14,732,3,144,22,S005
45,16,869,4,207,10,S001
45,17,468,5,318,7,S002
45,18,361,4,417,12,S005
45,19,459,3,414,13,S001
45,20,301,5,276,9,S002
45,21,705,2,327,6,S001
45,22,934,3,290,6,S001
45,23,770,6,259,11,S003
45,24,446,7,493,21,S004
45,25,839,3,366,14,S003
45,26,994,5,457,16,S001
45,27,736,7,425,6,S005
45,28,330,3,478,14,S002
45,29,552,2,289,24,S004
45,30,395,2,274,5,S002
45,31,992,6,389,8,S005
45,32,865,4,456,17,S004
45,33,581,7,244,16,S003
45,34,844,5,331,15,S001
45,35,426,5,459,14,S005
45,36,900,4,303,19,S001
45,38,675,2,312,9,S001
45,40,676,2,139,21,S002
45,41,464,3,374,9,S005
45,42,571,6,422,6,S001
45,44,685,7,181,13,S003
45,45,633,6,280,10,S004
45,46,845,6,419,22,S005
45,47,410,3,182,18,S002
45,49,771,6,402,23,S005
45,51,576,4,361,18,S002
45,52,594,3,371,12,S004
45,54,649,4,299,21,S003
45,55,563,3,339,7,S001
45,56,656,6,279,14,S005
45,58,924,4,270,21,S002
45,59,927,4,394,15,S004
45,60,425,4,276,12,S001
45,67,330,3,468,5,S004
45,71,787,5,495,17,S003
45,72,675,6,336,8,S001
45,74,997,4,237,11,S001
45,77,476,7,426,18,S001
45,78,355,5,465,9,S002
45,79,959,7,410,15,S001
45,80,417,6,228,21,S004
45,81,389,6,148,9,S002
45,82,616,4,263,24,S001
45,83,874,4,376,7,S004
45,85,891,3,392,9,S004
45,87,745,5,215,19,S005
45,90,240,5,123,23,S004
45,91,506,4,410,20,S003
45,92,537,6,124,12,S001
45,93,513,4,490,17,S001
45,94,274,6,226,20,S001
45,95,478,6,333,7,S004
45,96,375,4,308,5,S004
45,97,861,2,192,13,S001
45,98,472,5,193,13,S002
